mc	mn	quarterbeats	duration_qb	mc_onset	mn_onset	timesig	staff	voice	duration	gracenote	nominal_duration	scalar	tied	tpc	midi	name	octave	chord_id
1	1	0	0.5	0	0	4/4	1	1	1/8		1/8	1		-2	82	Bb5	5	0
1	1	1/2	1.5	1/8	1/8	4/4	1	1	3/8		1/4	3/2		-2	82	Bb5	5	1
1	1	2	0.5	1/2	1/2	4/4	1	1	1/8		1/8	1		-2	82	Bb5	5	2
1	1	5/2	1.5	5/8	5/8	4/4	1	1	3/8		1/4	3/2		-2	82	Bb5	5	3
2	2	4	0.08333333333333333	0	0	4/4	1	1	1/48		1/32	2/3		-6	78	Gb5	5	4
2	2	49/12	0.08333333333333333	1/48	1/48	4/4	1	1	1/48		1/32	2/3		-5	85	Db6	6	5
2	2	25/6	0.08333333333333333	1/24	1/24	4/4	1	1	1/48		1/32	2/3		-1	89	F6	6	6
2	2	17/4	0.08333333333333333	1/16	1/16	4/4	1	1	1/48		1/32	2/3		-3	87	Eb6	6	7
2	2	13/3	0.25	1/12	1/12	4/4	1	1	1/16		1/16	1		-2	82	Bb5	5	8
2	2	55/12	0.08333333333333333	7/48	7/48	4/4	1	1	1/48		1/32	2/3		-3	75	Eb5	5	9
2	2	14/3	0.3333333333333333	1/6	1/6	4/4	1	1	1/12		1/8	2/3	1	-4	80	Ab5	5	10
2	2	5	1.0	1/4	1/4	4/4	1	1	1/4		1/4	1	-1	-4	80	Ab5	5	11
2	2	6	0.08333333333333333	1/2	1/2	4/4	1	1	1/48		1/32	2/3		-6	78	Gb5	5	12
2	2	73/12	0.08333333333333333	25/48	25/48	4/4	1	1	1/48		1/32	2/3		-5	85	Db6	6	13
2	2	37/6	0.08333333333333333	13/24	13/24	4/4	1	1	1/48		1/32	2/3		-1	89	F6	6	14
2	2	25/4	0.08333333333333333	9/16	9/16	4/4	1	1	1/48		1/32	2/3		-3	87	Eb6	6	15
2	2	19/3	0.25	7/12	7/12	4/4	1	1	1/16		1/16	1		-2	82	Bb5	5	16
2	2	79/12	0.08333333333333333	31/48	31/48	4/4	1	1	1/48		1/32	2/3		-3	75	Eb5	5	17
2	2	20/3	0.3333333333333333	2/3	2/3	4/4	1	1	1/12		1/8	2/3	1	-4	80	Ab5	5	18
2	2	7	1.0	3/4	3/4	4/4	1	1	1/4		1/4	1	-1	-4	80	Ab5	5	19
3	3	8	0.5	0	0	3/4	1	1	1/8		1/8	1		-3	75	Eb5	5	20
3	3	17/2	1.0	1/8	1/8	3/4	1	1	1/4		1/4	1		-3	75	Eb5	5	21
3	3	19/2	0.5	3/8	3/8	3/4	1	1	1/8		1/8	1		-3	75	Eb5	5	22
3	3	10	1.0	1/2	1/2	3/4	1	1	1/4		1/4	1	1	-3	75	Eb5	5	23
4	4	11	1.0	0	0	4/4	1	2	1/4		1/4	1		2	62	D4	4	27
4	4	11	0.5	0	0	4/4	1	1	1/8		1/8	1	-1	-3	75	Eb5	5	24
4	4	34/3	0.3333333333333333	1/12	1/12	4/4	2	2	1/12		1/8	2/3	1	-2	46	Bb2	2	41
4	4	34/3	0.3333333333333333	1/12	1/12	4/4	2	1	1/12		1/8	2/3		-6	54	Gb3	3	30
4	4	35/3	0.3333333333333333	1/6	1/6	4/4	2	2	1/12		1/8	2/3	1	-3	39	Eb2	2	42
4	4	35/3	0.3333333333333333	1/6	1/6	4/4	2	1	1/12		1/8	2/3	1	-4	56	Ab3	3	31
4	4	12	2.0	1/4	1/4	4/4	2	2	1/2		1/2	1	-1	-3	39	Eb2	2	43
4	4	12	2.0	1/4	1/4	4/4	2	2	1/2		1/2	1	-1	-2	46	Bb2	2	43
4	4	12	0.3333333333333333	1/4	1/4	4/4	2	1	1/12		1/8	2/3	-1	-4	56	Ab3	3	32
4	4	12	1.0	1/4	1/4	4/4	1	2	1/4		1/4	1		-2	58	Bb3	3	28
4	4	37/3	0.3333333333333333	1/3	1/3	4/4	2	1	1/12		1/8	2/3		-6	54	Gb3	3	33
4	4	38/3	0.3333333333333333	5/12	5/12	4/4	2	1	1/12		1/8	2/3	1	-4	56	Ab3	3	34
4	4	13	0.3333333333333333	1/2	1/2	4/4	2	1	1/12		1/8	2/3	-1	-4	56	Ab3	3	35
4	4	13	0.5	1/2	1/2	4/4	1	1	1/8		1/8	1		-3	75	Eb5	5	25
4	4	40/3	0.3333333333333333	7/12	7/12	4/4	2	1	1/12		1/8	2/3		-6	54	Gb3	3	36
4	4	27/2	1.0	5/8	5/8	4/4	1	1	1/4		1/4	1		-3	75	Eb5	5	26
4	4	41/3	0.3333333333333333	2/3	2/3	4/4	2	1	1/12		1/8	2/3	1	-4	56	Ab3	3	37
4	4	14	0.3333333333333333	3/4	3/4	4/4	2	1	1/12		1/8	2/3	-1	-4	56	Ab3	3	38
4	4	14	1.0	3/4	3/4	4/4	1	2	1/4		1/4	1		2	62	D4	4	29
4	4	43/3	0.3333333333333333	5/6	5/6	4/4	2	2	1/12		1/8	2/3	1	-2	46	Bb2	2	44
4	4	43/3	0.3333333333333333	5/6	5/6	4/4	2	1	1/12		1/8	2/3		-6	54	Gb3	3	39
4	4	44/3	0.3333333333333333	11/12	11/12	4/4	2	2	1/12		1/8	2/3	1	-3	39	Eb2	2	45
4	4	44/3	0.3333333333333333	11/12	11/12	4/4	2	1	1/12		1/8	2/3	1	-4	56	Ab3	3	40
5	5	15	2.0	0	0	4/4	2	2	1/2		1/2	1	-1	-3	39	Eb2	2	63
5	5	15	2.0	0	0	4/4	2	2	1/2		1/2	1	-1	-2	46	Bb2	2	63
5	5	15	0.3333333333333333	0	0	4/4	2	1	1/12		1/8	2/3	-1	-4	56	Ab3	3	51
5	5	15	1.0	0	0	4/4	1	2	1/4		1/4	1		-2	58	Bb3	3	48
5	5	46/3	0.3333333333333333	1/12	1/12	4/4	2	1	1/12		1/8	2/3		-6	54	Gb3	3	52
5	5	47/3	0.3333333333333333	1/6	1/6	4/4	2	1	1/12		1/8	2/3	1	-4	56	Ab3	3	53
5	5	16	0.3333333333333333	1/4	1/4	4/4	2	1	1/12		1/8	2/3	-1	-4	56	Ab3	3	54
5	5	16	0.5	1/4	1/4	4/4	1	1	1/8		1/8	1		-3	75	Eb5	5	46
5	5	49/3	0.3333333333333333	1/3	1/3	4/4	2	1	1/12		1/8	2/3		-6	54	Gb3	3	55
5	5	33/2	1.0	3/8	3/8	4/4	1	1	1/4		1/4	1		-3	75	Eb5	5	47
5	5	50/3	0.3333333333333333	5/12	5/12	4/4	2	1	1/12		1/8	2/3		-4	56	Ab3	3	56
5	5	17	0.3333333333333333	1/2	1/2	4/4	2	2	1/12		1/8	2/3		5	35	B1	1	64
5	5	17	0.3333333333333333	1/2	1/2	4/4	2	1	1/12		1/8	2/3		8	56	G#3	3	57
5	5	17	1.0	1/2	1/2	4/4	1	2	1/4		1/4	1		2	62	D4	4	49
5	5	52/3	0.3333333333333333	7/12	7/12	4/4	2	2	1/12		1/8	2/3		6	42	F#2	2	65
5	5	52/3	0.3333333333333333	7/12	7/12	4/4	2	1	1/12		1/8	2/3		6	54	F#3	3	58
5	5	53/3	0.3333333333333333	2/3	2/3	4/4	2	2	1/12		1/8	2/3	1	2	50	D3	3	66
5	5	53/3	0.3333333333333333	2/3	2/3	4/4	2	1	1/12		1/8	2/3	1	8	56	G#3	3	59
5	5	18	0.3333333333333333	3/4	3/4	4/4	2	2	1/12		1/8	2/3	-1	2	50	D3	3	67
5	5	18	0.3333333333333333	3/4	3/4	4/4	2	1	1/12		1/8	2/3	-1	8	56	G#3	3	60
5	5	18	1.0	3/4	3/4	4/4	1	2	1/4		1/4	1		10	58	A#3	3	50
5	5	55/3	0.3333333333333333	5/6	5/6	4/4	2	2	1/12		1/8	2/3		6	42	F#2	2	68
5	5	55/3	0.3333333333333333	5/6	5/6	4/4	2	1	1/12		1/8	2/3		6	54	F#3	3	61
5	5	56/3	0.3333333333333333	11/12	11/12	4/4	2	2	1/12		1/8	2/3	1	5	35	B1	1	69
5	5	56/3	0.3333333333333333	11/12	11/12	4/4	2	1	1/12		1/8	2/3	1	8	56	G#3	3	62
6	6	19	0.5	0	0	12/8	2	2	1/8		1/8	1	-1	5	35	B1	1	88
6	6	19	0.5	0	0	12/8	2	1	1/8		1/8	1	-1	8	56	G#3	3	79
6	6	19	1.0	0	0	12/8	1	1	1/4		1/4	1		2	62	D4	4	70
6	6	39/2	0.5	1/8	1/8	12/8	2	2	1/8		1/8	1		6	42	F#2	2	89
6	6	39/2	0.5	1/8	1/8	12/8	2	1	1/8		1/8	1		6	54	F#3	3	80
6	6	20	0.5	1/4	1/4	12/8	2	2	1/8		1/8	1	1	2	50	D3	3	90
6	6	20	0.5	1/4	1/4	12/8	2	1	1/8		1/8	1	1	8	56	G#3	3	81
6	6	20	0.5	1/4	1/4	12/8	1	1	1/8		1/8	1		10	58	A#3	3	71
6	6	41/2	0.5	3/8	3/8	12/8	2	2	1/8		1/8	1	-1	2	50	D3	3	91
6	6	41/2	0.5	3/8	3/8	12/8	2	1	1/8		1/8	1	-1	8	56	G#3	3	82
6	6	41/2	1.0	3/8	3/8	12/8	1	1	1/4		1/4	1		2	62	D4	4	72
6	6	21	0.5	1/2	1/2	12/8	2	2	1/8		1/8	1		6	42	F#2	2	92
6	6	21	0.5	1/2	1/2	12/8	2	1	1/8		1/8	1		6	54	F#3	3	83
6	6	43/2	0.5	5/8	5/8	12/8	2	2	1/8		1/8	1	1	5	35	B1	1	93
6	6	43/2	0.5	5/8	5/8	12/8	2	1	1/8		1/8	1	1	8	56	G#3	3	84
6	6	43/2	0.5	5/8	5/8	12/8	1	1	1/8		1/8	1		10	58	A#3	3	73
6	6	22	0.5	3/4	3/4	12/8	2	2	1/8		1/8	1	-1	5	35	B1	1	94
6	6	22	0.5	3/4	3/4	12/8	2	1	1/8		1/8	1	-1	8	56	G#3	3	85
6	6	22	1.5	3/4	3/4	12/8	1	1	3/8		1/4	3/2		2	62	D4	4	74
6	6	45/2	0.5	7/8	7/8	12/8	2	2	1/8		1/8	1	1	6	42	F#2	2	95
6	6	45/2	0.5	7/8	7/8	12/8	2	1	1/8		1/8	1		6	54	F#3	3	86
6	6	23	0.5	1	1	12/8	2	2	1/8		1/8	1	1	2	50	D3	3	96
6	6	23	0.5	1	1	12/8	2	1	1/8		1/8	1		8	56	G#3	3	87
6	6	47/2	1.5	9/8	9/8	12/8	2	2	3/8		1/4	3/2		5	35	B1	1	97
6	6	47/2	1.5	9/8	9/8	12/8	2	2	3/8		1/4	3/2	-1	6	42	F#2	2	97
6	6	47/2	1.5	9/8	9/8	12/8	2	2	3/8		1/4	3/2	-1	2	50	D3	3	97
6	6	47/2	0.5	9/8	9/8	12/8	1	2	1/8		1/8	1		10	58	A#3	3	76
6	6	47/2	1.0	9/8	9/8	12/8	1	1	1/4		1/4	1		10	58	A#3	3	75
6	6	24	0.5	5/4	5/4	12/8	1	2	1/8		1/8	1		2	62	D4	4	77
6	6	49/2	0.5	11/8	11/8	12/8	1	2	1/8		1/8	1		10	70	A#4	4	78
7	7	25	4.0	0	0	4/4	2	2	1		1	1		-4	32	Ab1	1	115
7	7	25	0.3333333333333333	0	0	4/4	1	2	1/12		1/8	2/3		-2	70	Bb4	4	102
7	7	25	0.5	0	0	4/4	1	1	1/8		1/8	1		-2	82	Bb5	5	98
7	7	76/3	0.3333333333333333	1/12	1/12	4/4	1	2	1/12		1/8	2/3		2	62	D4	4	103
7	7	76/3	0.3333333333333333	1/12	1/12	4/4	1	2	1/12		1/8	2/3		-2	70	Bb4	4	103
7	7	51/2	1.5	1/8	1/8	4/4	1	1	3/8		1/4	3/2		-2	82	Bb5	5	99
7	7	77/3	0.3333333333333333	1/6	1/6	4/4	1	2	1/12		1/8	2/3	1	-3	63	Eb4	4	104
7	7	77/3	0.3333333333333333	1/6	1/6	4/4	1	2	1/12		1/8	2/3	1	-6	66	Gb4	4	104
7	7	26	3.0	1/4	1/4	4/4	2	1	3/4		1/2	3/2	1	-4	44	Ab2	2	114
7	7	26	3.0	1/4	1/4	4/4	2	1	3/4		1/2	3/2	1	-3	51	Eb3	3	114
7	7	26	0.3333333333333333	1/4	1/4	4/4	1	2	1/12		1/8	2/3	-1	-3	63	Eb4	4	105
7	7	26	0.3333333333333333	1/4	1/4	4/4	1	2	1/12		1/8	2/3	-1	-6	66	Gb4	4	105
7	7	79/3	0.3333333333333333	1/3	1/3	4/4	1	2	1/12		1/8	2/3		2	62	D4	4	106
7	7	79/3	0.3333333333333333	1/3	1/3	4/4	1	2	1/12		1/8	2/3		-2	70	Bb4	4	106
7	7	80/3	0.3333333333333333	5/12	5/12	4/4	1	2	1/12		1/8	2/3	1	-3	63	Eb4	4	107
7	7	80/3	0.3333333333333333	5/12	5/12	4/4	1	2	1/12		1/8	2/3	1	-6	66	Gb4	4	107
7	7	27	0.3333333333333333	1/2	1/2	4/4	1	2	1/12		1/8	2/3	-1	-3	63	Eb4	4	108
7	7	27	0.3333333333333333	1/2	1/2	4/4	1	2	1/12		1/8	2/3	-1	-6	66	Gb4	4	108
7	7	27	0.5	1/2	1/2	4/4	1	1	1/8		1/8	1		-2	82	Bb5	5	100
7	7	82/3	0.3333333333333333	7/12	7/12	4/4	1	2	1/12		1/8	2/3		2	62	D4	4	109
7	7	82/3	0.3333333333333333	7/12	7/12	4/4	1	2	1/12		1/8	2/3		-2	70	Bb4	4	109
7	7	55/2	1.5	5/8	5/8	4/4	1	1	3/8		1/4	3/2		-2	82	Bb5	5	101
7	7	83/3	0.3333333333333333	2/3	2/3	4/4	1	2	1/12		1/8	2/3	1	-3	63	Eb4	4	110
7	7	83/3	0.3333333333333333	2/3	2/3	4/4	1	2	1/12		1/8	2/3	1	-6	66	Gb4	4	110
7	7	28	0.3333333333333333	3/4	3/4	4/4	1	2	1/12		1/8	2/3	-1	-3	63	Eb4	4	111
7	7	28	0.3333333333333333	3/4	3/4	4/4	1	2	1/12		1/8	2/3	-1	-6	66	Gb4	4	111
7	7	85/3	0.3333333333333333	5/6	5/6	4/4	1	2	1/12		1/8	2/3		2	62	D4	4	112
7	7	85/3	0.3333333333333333	5/6	5/6	4/4	1	2	1/12		1/8	2/3		-2	70	Bb4	4	112
7	7	86/3	0.3333333333333333	11/12	11/12	4/4	1	2	1/12		1/8	2/3	1	-3	63	Eb4	4	113
7	7	86/3	0.3333333333333333	11/12	11/12	4/4	1	2	1/12		1/8	2/3	1	-6	66	Gb4	4	113
8	8	29	1.0	0	0	4/4	2	1	1/4		1/4	1	-1	-4	44	Ab2	2	139
8	8	29	1.0	0	0	4/4	2	1	1/4		1/4	1	-1	-3	51	Eb3	3	139
8	8	29	0.3333333333333333	0	0	4/4	1	2	1/12		1/8	2/3	-1	-3	63	Eb4	4	129
8	8	29	0.3333333333333333	0	0	4/4	1	2	1/12		1/8	2/3	-1	-6	66	Gb4	4	129
8	8	88/3	0.3333333333333333	1/12	1/12	4/4	1	2	1/12		1/8	2/3		2	62	D4	4	130
8	8	88/3	0.3333333333333333	1/12	1/12	4/4	1	2	1/12		1/8	2/3		-2	70	Bb4	4	130
8	8	88/3	0.08333333333333333	1/12	1/12	4/4	1	1	1/48		1/32	2/3		-6	78	Gb5	5	116
8	8	353/12	0.08333333333333333	5/48	5/48	4/4	1	1	1/48		1/32	2/3		-5	85	Db6	6	117
8	8	59/2	0.08333333333333333	1/8	1/8	4/4	1	1	1/48		1/32	2/3		-1	89	F6	6	118
8	8	355/12	0.08333333333333333	7/48	7/48	4/4	1	1	1/48		1/32	2/3		-3	87	Eb6	6	119
8	8	89/3	0.3333333333333333	1/6	1/6	4/4	1	2	1/12		1/8	2/3		-3	63	Eb4	4	131
8	8	89/3	0.3333333333333333	1/6	1/6	4/4	1	2	1/12		1/8	2/3		-6	66	Gb4	4	131
8	8	89/3	0.25	1/6	1/6	4/4	1	1	1/16		1/16	1		-2	82	Bb5	5	120
8	8	359/12	0.08333333333333333	11/48	11/48	4/4	1	1	1/48		1/32	2/3		-3	75	Eb5	5	121
8	8	30	1.0	1/4	1/4	4/4	2	1	1/4		1/4	1		-2	46	Bb2	2	140
8	8	30	1.0	1/4	1/4	4/4	2	1	1/4		1/4	1		-1	53	F3	3	140
8	8	30	2.0	1/4	1/4	4/4	1	1	1/2		1/2	1		-4	80	Ab5	5	122
8	8	91/3	0.3333333333333333	1/3	1/3	4/4	1	2	1/12		1/8	2/3		4	64	E4	4	132
8	8	91/3	0.3333333333333333	1/3	1/3	4/4	1	2	1/12		1/8	2/3		-7	71	Cb5	5	132
8	8	92/3	0.3333333333333333	5/12	5/12	4/4	1	2	1/12		1/8	2/3		-1	65	F4	4	133
8	8	92/3	0.3333333333333333	5/12	5/12	4/4	1	2	1/12		1/8	2/3		-4	68	Ab4	4	133
8	8	31	2.0	1/2	1/2	4/4	2	1	1/2		1/2	1		-4	44	Ab2	2	141
8	8	31	2.0	1/2	1/2	4/4	2	1	1/2		1/2	1		-3	51	Eb3	3	141
8	8	94/3	0.3333333333333333	7/12	7/12	4/4	1	2	1/12		1/8	2/3		2	62	D4	4	134
8	8	94/3	0.3333333333333333	7/12	7/12	4/4	1	2	1/12		1/8	2/3		-2	70	Bb4	4	134
8	8	95/3	0.3333333333333333	2/3	2/3	4/4	1	2	1/12		1/8	2/3	1	-3	63	Eb4	4	135
8	8	95/3	0.3333333333333333	2/3	2/3	4/4	1	2	1/12		1/8	2/3	1	-6	66	Gb4	4	135
8	8	32	0.3333333333333333	3/4	3/4	4/4	1	2	1/12		1/8	2/3	-1	-3	63	Eb4	4	136
8	8	32	0.3333333333333333	3/4	3/4	4/4	1	2	1/12		1/8	2/3	-1	-6	66	Gb4	4	136
8	8	97/3	0.3333333333333333	5/6	5/6	4/4	1	2	1/12		1/8	2/3		2	62	D4	4	137
8	8	97/3	0.3333333333333333	5/6	5/6	4/4	1	2	1/12		1/8	2/3		-2	70	Bb4	4	137
8	8	97/3	0.08333333333333333	5/6	5/6	4/4	1	1	1/48		1/32	2/3		-6	78	Gb5	5	123
8	8	389/12	0.08333333333333333	41/48	41/48	4/4	1	1	1/48		1/32	2/3		-5	85	Db6	6	124
8	8	65/2	0.08333333333333333	7/8	7/8	4/4	1	1	1/48		1/32	2/3		-1	89	F6	6	125
8	8	391/12	0.08333333333333333	43/48	43/48	4/4	1	1	1/48		1/32	2/3		-3	87	Eb6	6	126
8	8	98/3	0.3333333333333333	11/12	11/12	4/4	1	2	1/12		1/8	2/3		-3	63	Eb4	4	138
8	8	98/3	0.3333333333333333	11/12	11/12	4/4	1	2	1/12		1/8	2/3		-6	66	Gb4	4	138
8	8	98/3	0.25	11/12	11/12	4/4	1	1	1/16		1/16	1		-2	82	Bb5	5	127
8	8	395/12	0.08333333333333333	47/48	47/48	4/4	1	1	1/48		1/32	2/3		-3	75	Eb5	5	128
9	9	33	1.0	0	0	2/4	2	1	1/4		1/4	1		-2	46	Bb2	2	147
9	9	33	1.0	0	0	2/4	2	1	1/4		1/4	1		-1	53	F3	3	147
9	9	33	2.0	0	0	2/4	1	1	1/2		1/2	1		-4	80	Ab5	5	142
9	9	100/3	0.3333333333333333	1/12	1/12	2/4	1	2	1/12		1/8	2/3		4	64	E4	4	143
9	9	100/3	0.3333333333333333	1/12	1/12	2/4	1	2	1/12		1/8	2/3		-7	71	Cb5	5	143
9	9	101/3	0.3333333333333333	1/6	1/6	2/4	1	2	1/12		1/8	2/3		-1	65	F4	4	144
9	9	101/3	0.3333333333333333	1/6	1/6	2/4	1	2	1/12		1/8	2/3		-4	68	Ab4	4	144
9	9	34	1.0	1/4	1/4	2/4	2	1	1/4		1/4	1		-4	44	Ab2	2	148
9	9	34	1.0	1/4	1/4	2/4	2	1	1/4		1/4	1		-3	51	Eb3	3	148
9	9	103/3	0.3333333333333333	1/3	1/3	2/4	1	2	1/12		1/8	2/3		2	62	D4	4	145
9	9	103/3	0.3333333333333333	1/3	1/3	2/4	1	2	1/12		1/8	2/3		-2	70	Bb4	4	145
9	9	104/3	0.3333333333333333	5/12	5/12	2/4	1	2	1/12		1/8	2/3		-3	63	Eb4	4	146
9	9	104/3	0.3333333333333333	5/12	5/12	2/4	1	2	1/12		1/8	2/3		-6	66	Gb4	4	146
10	10	35	4.0	0	0	4/4	2	1	1		1	1		6	42	F#2	2	164
10	10	35	4.0	0	0	4/4	2	1	1		1	1		7	49	C#3	3	164
10	10	35	0.5	0	0	4/4	1	1	1/8		1/8	1		10	58	A#3	3	149
10	10	35	0.5	0	0	4/4	1	1	1/8		1/8	1		4	64	E4	4	149
10	10	35	0.5	0	0	4/4	1	1	1/8		1/8	1		1	67	G4	4	149
10	10	35	0.5	0	0	4/4	1	1	1/8		1/8	1		9	75	D#5	5	149
10	10	106/3	0.3333333333333333	1/12	1/12	4/4	1	2	1/12		1/8	2/3		7	61	C#4	4	153
10	10	106/3	0.3333333333333333	1/12	1/12	4/4	1	2	1/12		1/8	2/3		3	69	A4	4	153
10	10	71/2	1.5	1/8	1/8	4/4	1	1	3/8		1/4	3/2		9	75	D#5	5	150
10	10	107/3	0.3333333333333333	1/6	1/6	4/4	1	2	1/12		1/8	2/3	1	10	58	A#3	3	154
10	10	107/3	0.3333333333333333	1/6	1/6	4/4	1	2	1/12		1/8	2/3	1	1	67	G4	4	154
10	10	36	0.3333333333333333	1/4	1/4	4/4	1	2	1/12		1/8	2/3	-1	10	58	A#3	3	155
10	10	36	0.3333333333333333	1/4	1/4	4/4	1	2	1/12		1/8	2/3	-1	1	67	G4	4	155
10	10	109/3	0.3333333333333333	1/3	1/3	4/4	1	2	1/12		1/8	2/3		7	61	C#4	4	156
10	10	109/3	0.3333333333333333	1/3	1/3	4/4	1	2	1/12		1/8	2/3		3	69	A4	4	156
10	10	110/3	0.3333333333333333	5/12	5/12	4/4	1	2	1/12		1/8	2/3	1	10	58	A#3	3	157
10	10	110/3	0.3333333333333333	5/12	5/12	4/4	1	2	1/12		1/8	2/3	1	1	67	G4	4	157
10	10	37	0.3333333333333333	1/2	1/2	4/4	1	2	1/12		1/8	2/3	-1	10	58	A#3	3	158
10	10	37	0.3333333333333333	1/2	1/2	4/4	1	2	1/12		1/8	2/3	-1	1	67	G4	4	158
10	10	37	0.5	1/2	1/2	4/4	1	1	1/8		1/8	1		9	75	D#5	5	151
10	10	112/3	0.3333333333333333	7/12	7/12	4/4	1	2	1/12		1/8	2/3		7	61	C#4	4	159
10	10	112/3	0.3333333333333333	7/12	7/12	4/4	1	2	1/12		1/8	2/3		3	69	A4	4	159
10	10	75/2	1.5	5/8	5/8	4/4	1	1	3/8		1/4	3/2		9	75	D#5	5	152
10	10	113/3	0.3333333333333333	2/3	2/3	4/4	1	2	1/12		1/8	2/3	1	10	58	A#3	3	160
10	10	113/3	0.3333333333333333	2/3	2/3	4/4	1	2	1/12		1/8	2/3	1	1	67	G4	4	160
10	10	38	0.3333333333333333	3/4	3/4	4/4	1	2	1/12		1/8	2/3	-1	10	58	A#3	3	161
10	10	38	0.3333333333333333	3/4	3/4	4/4	1	2	1/12		1/8	2/3	-1	1	67	G4	4	161
10	10	115/3	0.3333333333333333	5/6	5/6	4/4	1	2	1/12		1/8	2/3		7	61	C#4	4	162
10	10	115/3	0.3333333333333333	5/6	5/6	4/4	1	2	1/12		1/8	2/3		3	69	A4	4	162
10	10	116/3	0.3333333333333333	11/12	11/12	4/4	1	2	1/12		1/8	2/3	1	10	58	A#3	3	163
10	10	116/3	0.3333333333333333	11/12	11/12	4/4	1	2	1/12		1/8	2/3	1	1	67	G4	4	163
11	11	39	0.3333333333333333	0	0	4/4	2	1	1/12		1/8	2/3		6	30	F#1	1	176
11	11	39	0.3333333333333333	0	0	4/4	2	1	1/12		1/8	2/3		6	42	F#2	2	176
11	11	39	0.3333333333333333	0	0	4/4	1	1	1/12		1/8	2/3	-1	10	58	A#3	3	165
11	11	39	0.3333333333333333	0	0	4/4	1	1	1/12		1/8	2/3	-1	1	67	G4	4	165
11	11	118/3	0.3333333333333333	1/12	1/12	4/4	2	1	1/12		1/8	2/3		7	49	C#3	3	177
11	11	118/3	0.3333333333333333	1/12	1/12	4/4	1	1	1/12		1/8	2/3		4	64	E4	4	166
11	11	118/3	0.3333333333333333	1/12	1/12	4/4	1	1	1/12		1/8	2/3		3	69	A4	4	166
11	11	119/3	0.3333333333333333	1/6	1/6	4/4	2	1	1/12		1/8	2/3		4	52	E3	3	178
11	11	119/3	0.3333333333333333	1/6	1/6	4/4	1	1	1/12		1/8	2/3	1	10	58	A#3	3	167
11	11	119/3	0.3333333333333333	1/6	1/6	4/4	1	1	1/12		1/8	2/3	1	1	67	G4	4	167
11	11	40	0.3333333333333333	1/4	1/4	4/4	2	1	1/12		1/8	2/3		6	54	F#3	3	179
11	11	40	0.3333333333333333	1/4	1/4	4/4	1	1	1/12		1/8	2/3	-1	10	58	A#3	3	168
11	11	40	0.3333333333333333	1/4	1/4	4/4	1	1	1/12		1/8	2/3	-1	1	67	G4	4	168
11	11	121/3	0.3333333333333333	1/3	1/3	4/4	2	1	1/12		1/8	2/3		7	61	C#4	4	180
11	11	121/3	0.3333333333333333	1/3	1/3	4/4	1	1	1/12		1/8	2/3		4	64	E4	4	169
11	11	121/3	0.3333333333333333	1/3	1/3	4/4	1	1	1/12		1/8	2/3		3	69	A4	4	169
11	11	122/3	0.3333333333333333	5/12	5/12	4/4	1	1	1/12		1/8	2/3		10	58	A#3	3	170
11	11	122/3	0.3333333333333333	5/12	5/12	4/4	2	1	1/12		1/8	2/3		9	63	D#4	4	181
11	11	122/3	0.3333333333333333	5/12	5/12	4/4	1	1	1/12		1/8	2/3		1	67	G4	4	170
11	11	41	0.3333333333333333	1/2	1/2	4/4	2	1	1/12		1/8	2/3		6	54	F#3	3	182
11	11	124/3	0.3333333333333333	7/12	7/12	4/4	2	1	1/12		1/8	2/3		7	61	C#4	4	183
11	11	124/3	0.3333333333333333	7/12	7/12	4/4	1	1	1/12		1/8	2/3		4	76	E5	5	171
11	11	124/3	0.3333333333333333	7/12	7/12	4/4	1	1	1/12		1/8	2/3		3	81	A5	5	171
11	11	125/3	0.3333333333333333	2/3	2/3	4/4	2	1	1/12		1/8	2/3		4	64	E4	4	184
11	11	125/3	0.3333333333333333	2/3	2/3	4/4	1	1	1/12		1/8	2/3	1	10	70	A#4	4	172
11	11	125/3	0.3333333333333333	2/3	2/3	4/4	1	1	1/12		1/8	2/3	1	1	79	G5	5	172
11	11	42	0.3333333333333333	3/4	3/4	4/4	2	1	1/12		1/8	2/3		6	66	F#4	4	185
11	11	42	0.3333333333333333	3/4	3/4	4/4	1	1	1/12		1/8	2/3	-1	10	70	A#4	4	173
11	11	42	0.3333333333333333	3/4	3/4	4/4	1	1	1/12		1/8	2/3	-1	1	79	G5	5	173
11	11	127/3	0.3333333333333333	5/6	5/6	4/4	2	1	1/12		1/8	2/3		7	73	C#5	5	186
11	11	127/3	0.3333333333333333	5/6	5/6	4/4	1	1	1/12		1/8	2/3		4	76	E5	5	174
11	11	127/3	0.3333333333333333	5/6	5/6	4/4	1	1	1/12		1/8	2/3		3	81	A5	5	174
11	11	128/3	0.3333333333333333	11/12	11/12	4/4	1	1	1/12		1/8	2/3	1	10	70	A#4	4	175
11	11	128/3	0.3333333333333333	11/12	11/12	4/4	2	1	1/12		1/8	2/3		9	75	D#5	5	187
11	11	128/3	0.3333333333333333	11/12	11/12	4/4	1	1	1/12		1/8	2/3	1	1	79	G5	5	175
12	12	43	0.3333333333333333	0	0	4/4	2	2	1/12		1/8	2/3		6	66	F#4	4	207
12	12	43	0.5	0	0	4/4	1	1	1/8		1/8	1	-1	10	70	A#4	4	188
12	12	43	0.5	0	0	4/4	1	1	1/8		1/8	1	-1	1	79	G5	5	188
12	12	130/3	0.3333333333333333	1/12	1/12	4/4	2	2	1/12		1/8	2/3		7	73	C#5	5	208
12	12	87/2	0.3333333333333333	1/8	1/8	4/4	1	1	1/12		1/8	2/3		4	76	E5	5	189
12	12	87/2	0.3333333333333333	1/8	1/8	4/4	1	1	1/12		1/8	2/3		3	81	A5	5	189
12	12	131/3	0.3333333333333333	1/6	1/6	4/4	2	2	1/12		1/8	2/3		9	75	D#5	5	209
12	12	263/6	0.16666666666666666	5/24	5/24	4/4	1	1	1/24		1/16	2/3	1	10	70	A#4	4	190
12	12	263/6	0.16666666666666666	5/24	5/24	4/4	1	1	1/24		1/16	2/3	1	1	79	G5	5	190
12	12	44	0.16666666666666666	1/4	1/4	4/4	1	1	1/24		1/16	2/3	-1	10	70	A#4	4	191
12	12	44	0.16666666666666666	1/4	1/4	4/4	1	1	1/24		1/16	2/3	-1	1	79	G5	5	191
12	12	44	0.3333333333333333	1/4	1/4	4/4	2	2	1/12		1/8	2/3		10	82	A#5	5	210
12	12	44	0.5	1/4	1/4	4/4	2	1	1/8		1/8	1		10	82	A#5	5	203
12	12	265/6	0.3333333333333333	7/24	7/24	4/4	1	1	1/12		1/8	2/3		4	76	E5	5	192
12	12	265/6	0.3333333333333333	7/24	7/24	4/4	1	1	1/12		1/8	2/3		3	81	A5	5	192
12	12	133/3	0.3333333333333333	1/3	1/3	4/4	2	2	1/12		1/8	2/3		7	73	C#5	5	211
12	12	89/2	0.3333333333333333	3/8	3/8	4/4	1	1	1/12		1/8	2/3		10	70	A#4	4	193
12	12	89/2	0.3333333333333333	3/8	3/8	4/4	1	1	1/12		1/8	2/3		1	79	G5	5	193
12	12	89/2	0.5	3/8	3/8	4/4	2	1	1/8		1/8	1		10	82	A#5	5	204
12	12	134/3	0.3333333333333333	5/12	5/12	4/4	2	2	1/12		1/8	2/3		9	75	D#5	5	212
12	12	269/6	0.16666666666666666	11/24	11/24	4/4	1	1	1/24		1/16	2/3	1	4	76	E5	5	194
12	12	269/6	0.16666666666666666	11/24	11/24	4/4	1	1	1/24		1/16	2/3	1	3	81	A5	5	194
12	12	45	0.3333333333333333	1/2	1/2	4/4	2	2	1/12		1/8	2/3		6	66	F#4	4	213
12	12	45	0.16666666666666666	1/2	1/2	4/4	1	1	1/24		1/16	2/3	-1	4	76	E5	5	195
12	12	45	0.16666666666666666	1/2	1/2	4/4	1	1	1/24		1/16	2/3	-1	3	81	A5	5	195
12	12	271/6	0.3333333333333333	13/24	13/24	4/4	1	1	1/12		1/8	2/3		10	70	A#4	4	196
12	12	271/6	0.3333333333333333	13/24	13/24	4/4	1	1	1/12		1/8	2/3		1	79	G5	5	196
12	12	136/3	0.3333333333333333	7/12	7/12	4/4	2	2	1/12		1/8	2/3		7	73	C#5	5	214
12	12	91/2	0.3333333333333333	5/8	5/8	4/4	1	1	1/12		1/8	2/3		4	76	E5	5	197
12	12	91/2	0.3333333333333333	5/8	5/8	4/4	1	1	1/12		1/8	2/3		3	81	A5	5	197
12	12	137/3	0.3333333333333333	2/3	2/3	4/4	2	2	1/12		1/8	2/3		9	75	D#5	5	215
12	12	275/6	0.16666666666666666	17/24	17/24	4/4	1	1	1/24		1/16	2/3	1	10	70	A#4	4	198
12	12	275/6	0.16666666666666666	17/24	17/24	4/4	1	1	1/24		1/16	2/3	1	1	79	G5	5	198
12	12	46	0.16666666666666666	3/4	3/4	4/4	1	1	1/24		1/16	2/3	-1	10	70	A#4	4	199
12	12	46	0.16666666666666666	3/4	3/4	4/4	1	1	1/24		1/16	2/3	-1	1	79	G5	5	199
12	12	46	0.3333333333333333	3/4	3/4	4/4	2	2	1/12		1/8	2/3		10	82	A#5	5	216
12	12	46	0.5	3/4	3/4	4/4	2	1	1/8		1/8	1		10	82	A#5	5	205
12	12	277/6	0.3333333333333333	19/24	19/24	4/4	1	1	1/12		1/8	2/3		4	76	E5	5	200
12	12	277/6	0.3333333333333333	19/24	19/24	4/4	1	1	1/12		1/8	2/3		3	81	A5	5	200
12	12	139/3	0.3333333333333333	5/6	5/6	4/4	2	2	1/12		1/8	2/3		7	73	C#5	5	217
12	12	93/2	0.3333333333333333	7/8	7/8	4/4	1	1	1/12		1/8	2/3		10	70	A#4	4	201
12	12	93/2	0.3333333333333333	7/8	7/8	4/4	1	1	1/12		1/8	2/3		1	79	G5	5	201
12	12	93/2	0.5	7/8	7/8	4/4	2	1	1/8		1/8	1		10	82	A#5	5	206
12	12	140/3	0.3333333333333333	11/12	11/12	4/4	2	2	1/12		1/8	2/3		9	75	D#5	5	218
12	12	281/6	0.16666666666666666	23/24	23/24	4/4	1	1	1/24		1/16	2/3		4	76	E5	5	202
12	12	281/6	0.16666666666666666	23/24	23/24	4/4	1	1	1/24		1/16	2/3		3	81	A5	5	202
13	13	47	0.1111111111111111	0	0	4/4	2	1	1/36		1/16	4/9		7	73	C#5	5	219
13	13	47	0.3333333333333333	0	0	4/4	2	2	1/12		1/8	2/3		7	73	C#5	5	234
13	13	424/9	0.1111111111111111	1/36	1/36	4/4	2	1	1/36		1/16	4/9		1	79	G5	5	220
13	13	425/9	0.1111111111111111	1/18	1/18	4/4	2	1	1/36		1/16	4/9		10	82	A#5	5	221
13	13	142/3	0.16666666666666666	1/12	1/12	4/4	2	1	1/24		1/16	2/3		9	75	D#5	5	222
13	13	142/3	0.3333333333333333	1/12	1/12	4/4	2	2	1/12		1/8	2/3		9	75	D#5	5	235
13	13	95/2	0.16666666666666666	1/8	1/8	4/4	2	1	1/24		1/16	2/3		3	81	A5	5	223
13	13	95/2	0.16666666666666666	1/8	1/8	4/4	2	1	1/24		1/16	2/3		7	85	C#6	6	223
13	13	143/3	0.1111111111111111	1/6	1/6	4/4	2	1	1/36		1/16	4/9		7	73	C#5	5	224
13	13	143/3	0.3333333333333333	1/6	1/6	4/4	2	2	1/12		1/8	2/3		7	73	C#5	5	236
13	13	430/9	0.1111111111111111	7/36	7/36	4/4	2	1	1/36		1/16	4/9		1	79	G5	5	225
13	13	431/9	0.1111111111111111	2/9	2/9	4/4	2	1	1/36		1/16	4/9		10	82	A#5	5	226
13	13	48	0.16666666666666666	1/4	1/4	4/4	2	1	1/24		1/16	2/3		9	75	D#5	5	227
13	13	48	0.3333333333333333	1/4	1/4	4/4	2	2	1/12		1/8	2/3		9	75	D#5	5	237
13	13	289/6	0.16666666666666666	7/24	7/24	4/4	2	1	1/24		1/16	2/3		3	81	A5	5	228
13	13	289/6	0.16666666666666666	7/24	7/24	4/4	2	1	1/24		1/16	2/3		7	85	C#6	6	228
13	13	145/3	0.1111111111111111	1/3	1/3	4/4	2	1	1/36		1/16	4/9		7	73	C#5	5	229
13	13	145/3	0.3333333333333333	1/3	1/3	4/4	2	2	1/12		1/8	2/3		7	73	C#5	5	238
13	13	436/9	0.1111111111111111	13/36	13/36	4/4	2	1	1/36		1/16	4/9		1	79	G5	5	230
13	13	437/9	0.1111111111111111	7/18	7/18	4/4	2	1	1/36		1/16	4/9		10	82	A#5	5	231
13	13	146/3	0.16666666666666666	5/12	5/12	4/4	2	1	1/24		1/16	2/3		9	75	D#5	5	232
13	13	146/3	0.3333333333333333	5/12	5/12	4/4	2	2	1/12		1/8	2/3		9	75	D#5	5	239
13	13	293/6	0.16666666666666666	11/24	11/24	4/4	2	1	1/24		1/16	2/3		3	81	A5	5	233
13	13	293/6	0.16666666666666666	11/24	11/24	4/4	2	1	1/24		1/16	2/3		7	85	C#6	6	233
14	14	49	0.1111111111111111	0	1/2	4/4	2	1	1/36		1/16	4/9		7	73	C#5	5	248
14	14	49	0.3333333333333333	0	1/2	4/4	2	2	1/12		1/8	2/3		7	73	C#5	5	263
14	14	491/10	0.03333333333333333	1/40	21/40	4/4	1	2	1/120		1/16	2/15	1	3	81	A5	5	244
14	14	442/9	0.1111111111111111	1/36	19/36	4/4	2	1	1/36		1/16	4/9		1	79	G5	5	249
14	14	737/15	0.03333333333333333	1/30	8/15	4/4	1	2	1/120		1/16	2/15	1	4	76	E5	5	245
14	14	295/6	0.16666666666666666	1/24	13/24	4/4	1	1	1/24		1/16	2/3		3	69	A4	4	240
14	14	295/6	0.16666666666666666	1/24	13/24	4/4	1	1	1/24		1/16	2/3	-1	4	76	E5	5	240
14	14	295/6	0.16666666666666666	1/24	13/24	4/4	1	1	1/24		1/16	2/3	-1	3	81	A5	5	240
14	14	443/9	0.1111111111111111	1/18	5/9	4/4	2	1	1/36		1/16	4/9		10	82	A#5	5	250
14	14	739/15	0.03333333333333333	1/15	17/30	4/4	1	2	1/120		1/16	2/15	1	0	84	C6	6	246
14	14	493/10	0.03333333333333333	3/40	23/40	4/4	1	2	1/120		1/16	2/15	1	1	79	G5	5	247
14	14	148/3	0.3333333333333333	1/12	7/12	4/4	1	1	1/12		1/8	2/3		0	72	C5	5	241
14	14	148/3	0.16666666666666666	1/12	7/12	4/4	2	1	1/24		1/16	2/3		9	75	D#5	5	251
14	14	148/3	0.3333333333333333	1/12	7/12	4/4	2	2	1/12		1/8	2/3		9	75	D#5	5	264
14	14	148/3	0.3333333333333333	1/12	7/12	4/4	1	1	1/12		1/8	2/3	-1	1	79	G5	5	241
14	14	148/3	0.3333333333333333	1/12	7/12	4/4	1	1	1/12		1/8	2/3	-1	0	84	C6	6	241
14	14	99/2	0.16666666666666666	1/8	5/8	4/4	2	1	1/24		1/16	2/3		3	81	A5	5	252
14	14	99/2	0.16666666666666666	1/8	5/8	4/4	2	1	1/24		1/16	2/3		7	85	C#6	6	252
14	14	149/3	0.1111111111111111	1/6	2/3	4/4	2	1	1/36		1/16	4/9		7	73	C#5	5	253
14	14	149/3	0.3333333333333333	1/6	2/3	4/4	2	2	1/12		1/8	2/3		7	73	C#5	5	265
14	14	448/9	0.1111111111111111	7/36	25/36	4/4	2	1	1/36		1/16	4/9		1	79	G5	5	254
14	14	299/6	0.16666666666666666	5/24	17/24	4/4	1	1	1/24		1/16	2/3	1	6	66	F#4	4	242
14	14	449/9	0.1111111111111111	2/9	13/18	4/4	2	1	1/36		1/16	4/9		10	82	A#5	5	255
14	14	50	1.0	1/4	3/4	4/4	1	1	1/4		1/4	1	-1	6	66	F#4	4	243
14	14	50	0.16666666666666666	1/4	3/4	4/4	2	1	1/24		1/16	2/3		9	75	D#5	5	256
14	14	50	0.3333333333333333	1/4	3/4	4/4	2	2	1/12		1/8	2/3		9	75	D#5	5	266
14	14	301/6	0.16666666666666666	7/24	19/24	4/4	2	1	1/24		1/16	2/3		3	81	A5	5	257
14	14	301/6	0.16666666666666666	7/24	19/24	4/4	2	1	1/24		1/16	2/3		7	85	C#6	6	257
14	14	151/3	0.1111111111111111	1/3	5/6	4/4	2	1	1/36		1/16	4/9		7	73	C#5	5	258
14	14	151/3	0.3333333333333333	1/3	5/6	4/4	2	2	1/12		1/8	2/3		7	73	C#5	5	267
14	14	454/9	0.1111111111111111	13/36	31/36	4/4	2	1	1/36		1/16	4/9		1	79	G5	5	259
14	14	455/9	0.1111111111111111	7/18	8/9	4/4	2	1	1/36		1/16	4/9		10	82	A#5	5	260
14	14	152/3	0.16666666666666666	5/12	11/12	4/4	2	1	1/24		1/16	2/3		9	75	D#5	5	261
14	14	152/3	0.3333333333333333	5/12	11/12	4/4	2	2	1/12		1/8	2/3		9	75	D#5	5	268
14	14	305/6	0.16666666666666666	11/24	23/24	4/4	2	1	1/24		1/16	2/3		3	81	A5	5	262
14	14	305/6	0.16666666666666666	11/24	23/24	4/4	2	1	1/24		1/16	2/3		7	85	C#6	6	262
15	15	51	0.1111111111111111	0	0	4/4	2	1	1/36		1/16	4/9		7	73	C#5	5	277
15	15	51	0.3333333333333333	0	0	4/4	2	2	1/12		1/8	2/3		7	73	C#5	5	292
15	15	511/10	0.03333333333333333	1/40	1/40	4/4	1	2	1/120		1/16	2/15	1	3	81	A5	5	273
15	15	460/9	0.1111111111111111	1/36	1/36	4/4	2	1	1/36		1/16	4/9		1	79	G5	5	278
15	15	767/15	0.03333333333333333	1/30	1/30	4/4	1	2	1/120		1/16	2/15	1	4	76	E5	5	274
15	15	307/6	0.16666666666666666	1/24	1/24	4/4	1	1	1/24		1/16	2/3		3	69	A4	4	269
15	15	307/6	0.16666666666666666	1/24	1/24	4/4	1	1	1/24		1/16	2/3	-1	4	76	E5	5	269
15	15	307/6	0.16666666666666666	1/24	1/24	4/4	1	1	1/24		1/16	2/3	-1	3	81	A5	5	269
15	15	461/9	0.1111111111111111	1/18	1/18	4/4	2	1	1/36		1/16	4/9		10	82	A#5	5	279
15	15	769/15	0.03333333333333333	1/15	1/15	4/4	1	2	1/120		1/16	2/15	1	0	84	C6	6	275
15	15	513/10	0.03333333333333333	3/40	3/40	4/4	1	2	1/120		1/16	2/15	1	1	79	G5	5	276
15	15	154/3	0.3333333333333333	1/12	1/12	4/4	1	1	1/12		1/8	2/3		0	72	C5	5	270
15	15	154/3	0.16666666666666666	1/12	1/12	4/4	2	1	1/24		1/16	2/3		9	75	D#5	5	280
15	15	154/3	0.3333333333333333	1/12	1/12	4/4	2	2	1/12		1/8	2/3		9	75	D#5	5	293
15	15	154/3	0.3333333333333333	1/12	1/12	4/4	1	1	1/12		1/8	2/3	-1	1	79	G5	5	270
15	15	154/3	0.3333333333333333	1/12	1/12	4/4	1	1	1/12		1/8	2/3	-1	0	84	C6	6	270
15	15	103/2	0.16666666666666666	1/8	1/8	4/4	2	1	1/24		1/16	2/3		3	81	A5	5	281
15	15	103/2	0.16666666666666666	1/8	1/8	4/4	2	1	1/24		1/16	2/3		7	85	C#6	6	281
15	15	155/3	0.1111111111111111	1/6	1/6	4/4	2	1	1/36		1/16	4/9		7	73	C#5	5	282
15	15	155/3	0.3333333333333333	1/6	1/6	4/4	2	2	1/12		1/8	2/3		7	73	C#5	5	294
15	15	466/9	0.1111111111111111	7/36	7/36	4/4	2	1	1/36		1/16	4/9		1	79	G5	5	283
15	15	311/6	0.16666666666666666	5/24	5/24	4/4	1	1	1/24		1/16	2/3	1	6	66	F#4	4	271
15	15	467/9	0.1111111111111111	2/9	2/9	4/4	2	1	1/36		1/16	4/9		10	82	A#5	5	284
15	15	52	1.0	1/4	1/4	4/4	1	1	1/4		1/4	1	0	6	66	F#4	4	272
15	15	52	0.16666666666666666	1/4	1/4	4/4	2	1	1/24		1/16	2/3		9	75	D#5	5	285
15	15	52	0.3333333333333333	1/4	1/4	4/4	2	2	1/12		1/8	2/3		9	75	D#5	5	295
15	15	313/6	0.16666666666666666	7/24	7/24	4/4	2	1	1/24		1/16	2/3		3	81	A5	5	286
15	15	313/6	0.16666666666666666	7/24	7/24	4/4	2	1	1/24		1/16	2/3		7	85	C#6	6	286
15	15	157/3	0.1111111111111111	1/3	1/3	4/4	2	1	1/36		1/16	4/9		7	73	C#5	5	287
15	15	157/3	0.3333333333333333	1/3	1/3	4/4	2	2	1/12		1/8	2/3		7	73	C#5	5	296
15	15	472/9	0.1111111111111111	13/36	13/36	4/4	2	1	1/36		1/16	4/9		1	79	G5	5	288
15	15	473/9	0.1111111111111111	7/18	7/18	4/4	2	1	1/36		1/16	4/9		10	82	A#5	5	289
15	15	158/3	0.16666666666666666	5/12	5/12	4/4	2	1	1/24		1/16	2/3		9	75	D#5	5	290
15	15	158/3	0.3333333333333333	5/12	5/12	4/4	2	2	1/12		1/8	2/3		9	75	D#5	5	297
15	15	317/6	0.16666666666666666	11/24	11/24	4/4	2	1	1/24		1/16	2/3		3	81	A5	5	291
15	15	317/6	0.16666666666666666	11/24	11/24	4/4	2	1	1/24		1/16	2/3		7	85	C#6	6	291
16	16	53	0.1111111111111111	0	1/2	4/4	2	1	1/36		1/16	4/9		7	73	C#5	5	299
16	16	53	0.3333333333333333	0	1/2	4/4	2	2	1/12		1/8	2/3		7	73	C#5	5	314
16	16	478/9	0.1111111111111111	1/36	19/36	4/4	2	1	1/36		1/16	4/9		1	79	G5	5	300
16	16	479/9	0.1111111111111111	1/18	5/9	4/4	2	1	1/36		1/16	4/9		10	82	A#5	5	301
16	16	160/3	0.16666666666666666	1/12	7/12	4/4	2	1	1/24		1/16	2/3		9	75	D#5	5	302
16	16	160/3	0.3333333333333333	1/12	7/12	4/4	2	2	1/12		1/8	2/3		9	75	D#5	5	315
16	16	107/2	0.16666666666666666	1/8	5/8	4/4	2	1	1/24		1/16	2/3		3	81	A5	5	303
16	16	107/2	0.16666666666666666	1/8	5/8	4/4	2	1	1/24		1/16	2/3		7	85	C#6	6	303
16	16	161/3	0.1111111111111111	1/6	2/3	4/4	2	1	1/36		1/16	4/9		7	73	C#5	5	304
16	16	161/3	0.3333333333333333	1/6	2/3	4/4	2	2	1/12		1/8	2/3		7	73	C#5	5	316
16	16	484/9	0.1111111111111111	7/36	25/36	4/4	2	1	1/36		1/16	4/9		1	79	G5	5	305
16	16	485/9	0.1111111111111111	2/9	13/18	4/4	2	1	1/36		1/16	4/9		10	82	A#5	5	306
16	16	54	1.0	1/4	3/4	4/4	1	1	1/4		1/4	1	-1	6	66	F#4	4	298
16	16	54	0.16666666666666666	1/4	3/4	4/4	2	1	1/24		1/16	2/3		9	75	D#5	5	307
16	16	54	0.3333333333333333	1/4	3/4	4/4	2	2	1/12		1/8	2/3		9	75	D#5	5	317
16	16	325/6	0.16666666666666666	7/24	19/24	4/4	2	1	1/24		1/16	2/3		3	81	A5	5	308
16	16	325/6	0.16666666666666666	7/24	19/24	4/4	2	1	1/24		1/16	2/3		7	85	C#6	6	308
16	16	163/3	0.1111111111111111	1/3	5/6	4/4	2	1	1/36		1/16	4/9		7	73	C#5	5	309
16	16	163/3	0.3333333333333333	1/3	5/6	4/4	2	2	1/12		1/8	2/3		7	73	C#5	5	318
16	16	490/9	0.1111111111111111	13/36	31/36	4/4	2	1	1/36		1/16	4/9		1	79	G5	5	310
16	16	491/9	0.1111111111111111	7/18	8/9	4/4	2	1	1/36		1/16	4/9		10	82	A#5	5	311
16	16	164/3	0.16666666666666666	5/12	11/12	4/4	2	1	1/24		1/16	2/3		9	75	D#5	5	312
16	16	164/3	0.3333333333333333	5/12	11/12	4/4	2	2	1/12		1/8	2/3		9	75	D#5	5	319
16	16	329/6	0.16666666666666666	11/24	23/24	4/4	2	1	1/24		1/16	2/3		3	81	A5	5	313
16	16	329/6	0.16666666666666666	11/24	23/24	4/4	2	1	1/24		1/16	2/3		7	85	C#6	6	313
17	17	55	0.125	0	0	4/4	1	1	1/32		1/32	1		4	76	E5	5	320
17	17	55	0.125	0	0	4/4	1	1	1/32		1/32	1		-1	77	F5	5	320
17	17	441/8	0.125	1/32	1/32	4/4	1	1	1/32		1/32	1		8	80	G#5	5	321
17	17	221/4	0.08333333333333333	1/16	1/16	4/4	2	2	1/48		1/32	2/3		4	64	E4	4	342
17	17	221/4	0.3333333333333333	1/16	1/16	4/4	2	1	1/12		1/8	2/3		4	64	E4	4	339
17	17	221/4	0.08333333333333333	1/16	1/16	4/4	1	1	1/48		1/32	2/3		4	88	E6	6	322
17	17	166/3	0.08333333333333333	1/12	1/12	4/4	2	2	1/48		1/32	2/3		8	68	G#4	4	343
17	17	166/3	0.08333333333333333	1/12	1/12	4/4	1	1	1/48		1/32	2/3		4	88	E6	6	323
17	17	665/12	0.08333333333333333	5/48	5/48	4/4	2	2	1/48		1/32	2/3		5	71	B4	4	344
17	17	665/12	0.08333333333333333	5/48	5/48	4/4	1	1	1/48		1/32	2/3		4	88	E6	6	324
17	17	111/2	0.08333333333333333	1/8	1/8	4/4	2	2	1/48		1/32	2/3		4	76	E5	5	345
17	17	111/2	0.08333333333333333	1/8	1/8	4/4	1	1	1/48		1/32	2/3		4	88	E6	6	325
17	17	667/12	0.08333333333333333	7/48	7/48	4/4	2	2	1/48		1/32	2/3		-1	77	F5	5	346
17	17	667/12	0.3333333333333333	7/48	7/48	4/4	2	1	1/12		1/8	2/3		-1	77	F5	5	340
17	17	667/12	0.16666666666666666	7/48	7/48	4/4	1	1	1/24		1/16	2/3		4	88	E6	6	326
17	17	167/3	0.08333333333333333	1/6	1/6	4/4	2	2	1/48		1/32	2/3		8	80	G#5	5	347
17	17	223/4	0.08333333333333333	3/16	3/16	4/4	2	2	1/48		1/32	2/3		-1	89	F6	6	348
17	17	335/6	0.08333333333333333	5/24	5/24	4/4	2	2	1/48		1/32	2/3		8	80	G#5	5	349
17	17	671/12	0.08333333333333333	11/48	11/48	4/4	2	2	1/48		1/32	2/3		4	76	E5	5	350
17	17	671/12	0.3333333333333333	11/48	11/48	4/4	2	1	1/12		1/8	2/3		4	76	E5	5	341
17	17	56	0.08333333333333333	1/4	1/4	4/4	2	2	1/48		1/32	2/3		5	71	B4	4	351
17	17	673/12	0.08333333333333333	13/48	13/48	4/4	2	2	1/48		1/32	2/3		8	68	G#4	4	352
17	17	337/6	0.08333333333333333	7/24	7/24	4/4	2	2	1/48		1/32	2/3		4	64	E4	4	353
17	17	225/4	0.08333333333333333	5/16	5/16	4/4	1	1	1/48		1/32	2/3		1	67	G4	4	327
17	17	225/4	0.08333333333333333	5/16	5/16	4/4	1	1	1/48		1/32	2/3		5	71	B4	4	327
17	17	225/4	0.08333333333333333	5/16	5/16	4/4	1	1	1/48		1/32	2/3		2	74	D5	5	327
17	17	225/4	0.08333333333333333	5/16	5/16	4/4	1	1	1/48		1/32	2/3		1	79	G5	5	327
17	17	169/3	0.08333333333333333	1/3	1/3	4/4	1	1	1/48		1/32	2/3		8	80	G#5	5	328
17	17	677/12	0.08333333333333333	17/48	17/48	4/4	1	1	1/48		1/32	2/3		5	83	B5	5	329
17	17	677/12	0.08333333333333333	17/48	17/48	4/4	1	1	1/48		1/32	2/3		1	91	G6	6	329
17	17	113/2	0.08333333333333333	3/8	3/8	4/4	1	1	1/48		1/32	2/3		8	80	G#5	5	330
17	17	679/12	0.08333333333333333	19/48	19/48	4/4	1	1	1/48		1/32	2/3		4	64	E4	4	331
17	17	679/12	0.08333333333333333	19/48	19/48	4/4	1	1	1/48		1/32	2/3		8	68	G#4	4	331
17	17	679/12	0.08333333333333333	19/48	19/48	4/4	1	1	1/48		1/32	2/3		5	71	B4	4	331
17	17	679/12	0.08333333333333333	19/48	19/48	4/4	1	1	1/48		1/32	2/3		4	76	E5	5	331
17	17	170/3	0.08333333333333333	5/12	5/12	4/4	1	1	1/48		1/32	2/3		11	77	E#5	5	332
17	17	227/4	0.08333333333333333	7/16	7/16	4/4	1	1	1/48		1/32	2/3		8	80	G#5	5	333
17	17	227/4	0.08333333333333333	7/16	7/16	4/4	1	1	1/48		1/32	2/3		4	88	E6	6	333
17	17	341/6	0.08333333333333333	11/24	11/24	4/4	1	1	1/48		1/32	2/3		11	77	E#5	5	334
17	17	683/12	0.08333333333333333	23/48	23/48	4/4	1	1	1/48		1/32	2/3		3	69	A4	4	335
17	17	683/12	0.08333333333333333	23/48	23/48	4/4	1	1	1/48		1/32	2/3		7	73	C#5	5	335
17	17	683/12	0.08333333333333333	23/48	23/48	4/4	1	1	1/48		1/32	2/3		4	76	E5	5	335
17	17	683/12	0.08333333333333333	23/48	23/48	4/4	1	1	1/48		1/32	2/3		3	81	A5	5	335
17	17	57	0.08333333333333333	1/2	1/2	4/4	1	1	1/48		1/32	2/3		10	82	A#5	5	336
17	17	685/12	0.08333333333333333	25/48	25/48	4/4	1	1	1/48		1/32	2/3		7	85	C#6	6	337
17	17	685/12	0.08333333333333333	25/48	25/48	4/4	1	1	1/48		1/32	2/3		3	93	A6	6	337
17	17	343/6	0.08333333333333333	13/24	13/24	4/4	1	1	1/48		1/32	2/3		10	82	A#5	5	338
18	18	229/4	0.08333333333333333	0	1/2	4/4	1	1	1/48		1/32	2/3		4	64	E4	4	354
18	18	229/4	0.08333333333333333	0	1/2	4/4	1	1	1/48		1/32	2/3		8	68	G#4	4	354
18	18	229/4	0.08333333333333333	0	1/2	4/4	1	1	1/48		1/32	2/3		5	71	B4	4	354
18	18	229/4	0.08333333333333333	0	1/2	4/4	1	1	1/48		1/32	2/3		4	76	E5	5	354
18	18	172/3	0.08333333333333333	1/48	25/48	4/4	1	1	1/48		1/32	2/3		11	77	E#5	5	355
18	18	689/12	0.08333333333333333	1/24	13/24	4/4	1	1	1/48		1/32	2/3		8	80	G#5	5	356
18	18	689/12	0.08333333333333333	1/24	13/24	4/4	1	1	1/48		1/32	2/3		4	88	E6	6	356
18	18	115/2	0.08333333333333333	1/16	9/16	4/4	1	1	1/48		1/32	2/3		11	77	E#5	5	357
18	18	691/12	0.08333333333333333	1/12	7/12	4/4	1	1	1/48		1/32	2/3		5	71	B4	4	358
18	18	691/12	0.08333333333333333	1/12	7/12	4/4	1	1	1/48		1/32	2/3		9	75	D#5	5	358
18	18	691/12	0.08333333333333333	1/12	7/12	4/4	1	1	1/48		1/32	2/3		6	78	F#5	5	358
18	18	691/12	0.08333333333333333	1/12	7/12	4/4	1	1	1/48		1/32	2/3		5	83	B5	5	358
18	18	173/3	0.08333333333333333	5/48	29/48	4/4	1	1	1/48		1/32	2/3		12	84	B#5	5	359
18	18	231/4	0.08333333333333333	1/8	5/8	4/4	1	1	1/48		1/32	2/3		9	87	D#6	6	360
18	18	231/4	0.08333333333333333	1/8	5/8	4/4	1	1	1/48		1/32	2/3		6	90	F#6	6	360
18	18	231/4	0.08333333333333333	1/8	5/8	4/4	1	1	1/48		1/32	2/3		5	95	B6	6	360
18	18	347/6	0.08333333333333333	7/48	31/48	4/4	1	1	1/48		1/32	2/3		12	84	B#5	5	361
18	18	695/12	0.08333333333333333	1/6	2/3	4/4	1	1	1/48		1/32	2/3		3	69	A4	4	362
18	18	695/12	0.08333333333333333	1/6	2/3	4/4	1	1	1/48		1/32	2/3		7	73	C#5	5	362
18	18	695/12	0.08333333333333333	1/6	2/3	4/4	1	1	1/48		1/32	2/3		11	77	E#5	5	362
18	18	695/12	0.08333333333333333	1/6	2/3	4/4	1	1	1/48		1/32	2/3		3	81	A5	5	362
18	18	58	0.08333333333333333	3/16	11/16	4/4	1	1	1/48		1/32	2/3		10	82	A#5	5	363
18	18	697/12	0.08333333333333333	5/24	17/24	4/4	1	1	1/48		1/32	2/3		7	85	C#6	6	364
18	18	697/12	0.08333333333333333	5/24	17/24	4/4	1	1	1/48		1/32	2/3		4	88	E6	6	364
18	18	697/12	0.08333333333333333	5/24	17/24	4/4	1	1	1/48		1/32	2/3		3	93	A6	6	364
18	18	349/6	0.08333333333333333	11/48	35/48	4/4	1	1	1/48		1/32	2/3		10	82	A#5	5	365
18	18	233/4	0.08333333333333333	1/4	3/4	4/4	1	1	1/48		1/32	2/3		5	71	B4	4	366
18	18	233/4	0.08333333333333333	1/4	3/4	4/4	1	1	1/48		1/32	2/3		9	75	D#5	5	366
18	18	233/4	0.08333333333333333	1/4	3/4	4/4	1	1	1/48		1/32	2/3		6	78	F#5	5	366
18	18	233/4	0.08333333333333333	1/4	3/4	4/4	1	1	1/48		1/32	2/3		5	83	B5	5	366
18	18	175/3	0.08333333333333333	13/48	37/48	4/4	1	1	1/48		1/32	2/3		12	84	B#5	5	367
18	18	701/12	0.08333333333333333	7/24	19/24	4/4	1	1	1/48		1/32	2/3		9	87	D#6	6	368
18	18	701/12	0.08333333333333333	7/24	19/24	4/4	1	1	1/48		1/32	2/3		6	90	F#6	6	368
18	18	701/12	0.08333333333333333	7/24	19/24	4/4	1	1	1/48		1/32	2/3		5	95	B6	6	368
18	18	117/2	0.08333333333333333	5/16	13/16	4/4	1	1	1/48		1/32	2/3		12	84	B#5	5	369
18	18	703/12	0.08333333333333333	1/3	5/6	4/4	1	1	1/48		1/32	2/3		3	69	A4	4	370
18	18	703/12	0.08333333333333333	1/3	5/6	4/4	1	1	1/48		1/32	2/3		7	73	C#5	5	370
18	18	703/12	0.08333333333333333	1/3	5/6	4/4	1	1	1/48		1/32	2/3		11	77	E#5	5	370
18	18	703/12	0.08333333333333333	1/3	5/6	4/4	1	1	1/48		1/32	2/3		3	81	A5	5	370
18	18	176/3	0.08333333333333333	17/48	41/48	4/4	1	1	1/48		1/32	2/3		10	82	A#5	5	371
18	18	235/4	0.08333333333333333	3/8	7/8	4/4	1	1	1/48		1/32	2/3		7	85	C#6	6	372
18	18	235/4	0.08333333333333333	3/8	7/8	4/4	1	1	1/48		1/32	2/3		4	88	E6	6	372
18	18	235/4	0.08333333333333333	3/8	7/8	4/4	1	1	1/48		1/32	2/3		3	93	A6	6	372
18	18	353/6	0.08333333333333333	19/48	43/48	4/4	1	1	1/48		1/32	2/3		10	82	A#5	5	373
18	18	707/12	0.08333333333333333	5/12	11/12	4/4	1	1	1/48		1/32	2/3		1	67	G4	4	374
18	18	707/12	0.08333333333333333	5/12	11/12	4/4	1	1	1/48		1/32	2/3		5	71	B4	4	374
18	18	707/12	0.08333333333333333	5/12	11/12	4/4	1	1	1/48		1/32	2/3		2	74	D5	5	374
18	18	707/12	0.08333333333333333	5/12	11/12	4/4	1	1	1/48		1/32	2/3		1	79	G5	5	374
18	18	59	0.08333333333333333	7/16	15/16	4/4	1	1	1/48		1/32	2/3		8	80	G#5	5	375
18	18	709/12	0.08333333333333333	11/24	23/24	4/4	1	1	1/48		1/32	2/3		5	83	B5	5	376
18	18	709/12	0.08333333333333333	11/24	23/24	4/4	1	1	1/48		1/32	2/3		2	86	D6	6	376
18	18	709/12	0.08333333333333333	11/24	23/24	4/4	1	1	1/48		1/32	2/3		1	91	G6	6	376
18	18	355/6	0.08333333333333333	23/48	47/48	4/4	1	1	1/48		1/32	2/3		8	80	G#5	5	377
19	19	237/4	0.08333333333333333	0	0	4/4	1	1	1/48		1/32	2/3		4	64	E4	4	378
19	19	237/4	0.08333333333333333	0	0	4/4	1	1	1/48		1/32	2/3		8	68	G#4	4	378
19	19	237/4	0.08333333333333333	0	0	4/4	1	1	1/48		1/32	2/3		5	71	B4	4	378
19	19	237/4	0.08333333333333333	0	0	4/4	1	1	1/48		1/32	2/3		4	76	E5	5	378
19	19	178/3	0.08333333333333333	1/48	1/48	4/4	1	1	1/48		1/32	2/3		11	77	E#5	5	379
19	19	713/12	0.08333333333333333	1/24	1/24	4/4	1	1	1/48		1/32	2/3		8	80	G#5	5	380
19	19	713/12	0.08333333333333333	1/24	1/24	4/4	1	1	1/48		1/32	2/3		5	83	B5	5	380
19	19	713/12	0.08333333333333333	1/24	1/24	4/4	1	1	1/48		1/32	2/3		4	88	E6	6	380
19	19	119/2	0.08333333333333333	1/16	1/16	4/4	1	1	1/48		1/32	2/3		11	77	E#5	5	381
19	19	715/12	0.08333333333333333	1/12	1/12	4/4	1	1	1/48		1/32	2/3		5	59	B3	3	382
19	19	715/12	0.08333333333333333	1/12	1/12	4/4	1	1	1/48		1/32	2/3		9	63	D#4	4	382
19	19	715/12	0.08333333333333333	1/12	1/12	4/4	1	1	1/48		1/32	2/3		6	66	F#4	4	382
19	19	715/12	0.08333333333333333	1/12	1/12	4/4	1	1	1/48		1/32	2/3		5	71	B4	4	382
19	19	179/3	0.08333333333333333	5/48	5/48	4/4	1	1	1/48		1/32	2/3		12	72	B#4	4	383
19	19	239/4	0.08333333333333333	1/8	1/8	4/4	1	1	1/48		1/32	2/3		9	75	D#5	5	384
19	19	239/4	0.08333333333333333	1/8	1/8	4/4	1	1	1/48		1/32	2/3		6	78	F#5	5	384
19	19	239/4	0.08333333333333333	1/8	1/8	4/4	1	1	1/48		1/32	2/3		5	83	B5	5	384
19	19	359/6	0.08333333333333333	7/48	7/48	4/4	1	1	1/48		1/32	2/3		12	72	B#4	4	385
19	19	719/12	0.08333333333333333	1/6	1/6	4/4	1	1	1/48		1/32	2/3		3	57	A3	3	386
19	19	719/12	0.08333333333333333	1/6	1/6	4/4	1	1	1/48		1/32	2/3		7	61	C#4	4	386
19	19	719/12	0.08333333333333333	1/6	1/6	4/4	1	1	1/48		1/32	2/3		4	64	E4	4	386
19	19	719/12	0.08333333333333333	1/6	1/6	4/4	1	1	1/48		1/32	2/3		3	69	A4	4	386
19	19	60	0.08333333333333333	3/16	3/16	4/4	1	1	1/48		1/32	2/3		10	70	A#4	4	387
19	19	721/12	0.08333333333333333	5/24	5/24	4/4	1	1	1/48		1/32	2/3		7	73	C#5	5	388
19	19	721/12	0.08333333333333333	5/24	5/24	4/4	1	1	1/48		1/32	2/3		4	76	E5	5	388
19	19	721/12	0.08333333333333333	5/24	5/24	4/4	1	1	1/48		1/32	2/3		3	81	A5	5	388
19	19	361/6	0.08333333333333333	11/48	11/48	4/4	1	1	1/48		1/32	2/3		10	70	A#4	4	389
20	20	241/4	0.08333333333333333	0	1/4	4/4	1	1	1/48		1/32	2/3		5	59	B3	3	390
20	20	241/4	0.08333333333333333	0	1/4	4/4	1	1	1/48		1/32	2/3		9	63	D#4	4	390
20	20	241/4	0.08333333333333333	0	1/4	4/4	1	1	1/48		1/32	2/3		6	66	F#4	4	390
20	20	241/4	0.08333333333333333	0	1/4	4/4	1	1	1/48		1/32	2/3		5	71	B4	4	390
20	20	181/3	0.08333333333333333	1/48	13/48	4/4	1	1	1/48		1/32	2/3		12	72	B#4	4	391
20	20	725/12	0.08333333333333333	1/24	7/24	4/4	1	1	1/48		1/32	2/3		9	75	D#5	5	392
20	20	725/12	0.08333333333333333	1/24	7/24	4/4	1	1	1/48		1/32	2/3		6	78	F#5	5	392
20	20	725/12	0.08333333333333333	1/24	7/24	4/4	1	1	1/48		1/32	2/3		5	83	B5	5	392
20	20	121/2	0.08333333333333333	1/16	5/16	4/4	1	1	1/48		1/32	2/3		12	72	B#4	4	393
20	20	727/12	0.08333333333333333	1/12	1/3	4/4	1	1	1/48		1/32	2/3		3	57	A3	3	394
20	20	727/12	0.08333333333333333	1/12	1/3	4/4	1	1	1/48		1/32	2/3		7	61	C#4	4	394
20	20	727/12	0.08333333333333333	1/12	1/3	4/4	1	1	1/48		1/32	2/3		4	64	E4	4	394
20	20	727/12	0.08333333333333333	1/12	1/3	4/4	1	1	1/48		1/32	2/3		3	69	A4	4	394
20	20	182/3	0.08333333333333333	5/48	17/48	4/4	1	1	1/48		1/32	2/3		10	70	A#4	4	395
20	20	243/4	0.08333333333333333	1/8	3/8	4/4	1	1	1/48		1/32	2/3		7	73	C#5	5	396
20	20	243/4	0.08333333333333333	1/8	3/8	4/4	1	1	1/48		1/32	2/3		4	76	E5	5	396
20	20	243/4	0.08333333333333333	1/8	3/8	4/4	1	1	1/48		1/32	2/3		3	81	A5	5	396
20	20	365/6	0.08333333333333333	7/48	19/48	4/4	1	1	1/48		1/32	2/3		10	70	A#4	4	397
20	20	731/12	0.08333333333333333	1/6	5/12	4/4	1	1	1/48		1/32	2/3		1	55	G3	3	398
20	20	731/12	0.08333333333333333	1/6	5/12	4/4	1	1	1/48		1/32	2/3		5	59	B3	3	398
20	20	731/12	0.08333333333333333	1/6	5/12	4/4	1	1	1/48		1/32	2/3		2	62	D4	4	398
20	20	731/12	0.08333333333333333	1/6	5/12	4/4	1	1	1/48		1/32	2/3		1	67	G4	4	398
20	20	61	0.08333333333333333	3/16	7/16	4/4	1	1	1/48		1/32	2/3		8	68	G#4	4	399
20	20	733/12	0.08333333333333333	5/24	11/24	4/4	1	1	1/48		1/32	2/3		5	71	B4	4	400
20	20	733/12	0.08333333333333333	5/24	11/24	4/4	1	1	1/48		1/32	2/3		2	74	D5	5	400
20	20	733/12	0.08333333333333333	5/24	11/24	4/4	1	1	1/48		1/32	2/3		1	79	G5	5	400
20	20	367/6	0.08333333333333333	11/48	23/48	4/4	1	1	1/48		1/32	2/3		8	68	G#4	4	401
20	20	245/4	0.08333333333333333	1/4	1/2	4/4	1	1	1/48		1/32	2/3		4	52	E3	3	402
20	20	245/4	0.08333333333333333	1/4	1/2	4/4	1	1	1/48		1/32	2/3		8	56	G#3	3	402
20	20	245/4	0.08333333333333333	1/4	1/2	4/4	1	1	1/48		1/32	2/3		5	59	B3	3	402
20	20	245/4	0.08333333333333333	1/4	1/2	4/4	1	1	1/48		1/32	2/3		4	64	E4	4	402
20	20	184/3	0.08333333333333333	13/48	25/48	4/4	1	1	1/48		1/32	2/3		11	65	E#4	4	403
20	20	737/12	0.08333333333333333	7/24	13/24	4/4	1	1	1/48		1/32	2/3		8	68	G#4	4	404
20	20	737/12	0.08333333333333333	7/24	13/24	4/4	1	1	1/48		1/32	2/3		5	71	B4	4	404
20	20	737/12	0.08333333333333333	7/24	13/24	4/4	1	1	1/48		1/32	2/3		4	76	E5	5	404
20	20	123/2	0.08333333333333333	5/16	9/16	4/4	1	1	1/48		1/32	2/3		11	65	E#4	4	405
20	20	739/12	0.08333333333333333	1/3	7/12	4/4	1	1	1/48		1/32	2/3		5	47	B2	2	406
20	20	739/12	0.08333333333333333	1/3	7/12	4/4	1	1	1/48		1/32	2/3		6	54	F#3	3	406
20	20	739/12	0.08333333333333333	1/3	7/12	4/4	1	1	1/48		1/32	2/3		5	59	B3	3	406
20	20	185/3	0.08333333333333333	17/48	29/48	4/4	1	1	1/48		1/32	2/3		12	60	B#3	3	407
20	20	247/4	0.08333333333333333	3/8	5/8	4/4	1	1	1/48		1/32	2/3		2	62	D4	4	408
20	20	247/4	0.08333333333333333	3/8	5/8	4/4	1	1	1/48		1/32	2/3		6	66	F#4	4	408
20	20	247/4	0.08333333333333333	3/8	5/8	4/4	1	1	1/48		1/32	2/3		5	71	B4	4	408
20	20	371/6	0.08333333333333333	19/48	31/48	4/4	1	1	1/48		1/32	2/3		12	60	B#3	3	409
20	20	743/12	0.08333333333333333	5/12	2/3	4/4	1	1	1/48		1/32	2/3		7	49	C#3	3	410
20	20	743/12	0.08333333333333333	5/12	2/3	4/4	1	1	1/48		1/32	2/3		4	52	E3	3	410
20	20	743/12	0.08333333333333333	5/12	2/3	4/4	1	1	1/48		1/32	2/3		3	57	A3	3	410
20	20	62	0.08333333333333333	7/16	11/16	4/4	1	1	1/48		1/32	2/3		10	58	A#3	3	411
20	20	745/12	0.08333333333333333	11/24	17/24	4/4	1	1	1/48		1/32	2/3		7	61	C#4	4	412
20	20	745/12	0.08333333333333333	11/24	17/24	4/4	1	1	1/48		1/32	2/3		4	64	E4	4	412
20	20	745/12	0.08333333333333333	11/24	17/24	4/4	1	1	1/48		1/32	2/3		3	69	A4	4	412
20	20	373/6	0.08333333333333333	23/48	35/48	4/4	1	1	1/48		1/32	2/3		7	61	C#4	4	413
20	20	249/4	0.08333333333333333	1/2	3/4	4/4	1	1	1/48		1/32	2/3		4	52	E3	3	414
20	20	187/3	0.08333333333333333	25/48	37/48	4/4	1	1	1/48		1/32	2/3		11	53	E#3	3	415
20	20	749/12	0.08333333333333333	13/24	19/24	4/4	1	1	1/48		1/32	2/3		8	56	G#3	3	416
20	20	749/12	0.08333333333333333	13/24	19/24	4/4	1	1	1/48		1/32	2/3		12	60	B#3	3	416
20	20	749/12	0.08333333333333333	13/24	19/24	4/4	1	1	1/48		1/32	2/3		4	64	E4	4	416
20	20	125/2	0.08333333333333333	9/16	13/16	4/4	1	1	1/48		1/32	2/3		11	53	E#3	3	417
20	20	751/12	0.08333333333333333	7/12	5/6	4/4	1	1	1/48		1/32	2/3		5	47	B2	2	418
20	20	188/3	0.08333333333333333	29/48	41/48	4/4	1	1	1/48		1/32	2/3		12	48	B#2	2	419
20	20	251/4	0.08333333333333333	5/8	7/8	4/4	1	1	1/48		1/32	2/3		9	51	D#3	3	420
20	20	251/4	0.08333333333333333	5/8	7/8	4/4	1	1	1/48		1/32	2/3		5	59	B3	3	420
20	20	377/6	0.08333333333333333	31/48	43/48	4/4	1	1	1/48		1/32	2/3		12	48	B#2	2	421
20	20	755/12	0.08333333333333333	2/3	11/12	4/4	1	1	1/48		1/32	2/3		3	45	A2	2	422
20	20	63	0.08333333333333333	11/16	15/16	4/4	1	1	1/48		1/32	2/3		10	46	A#2	2	423
20	20	757/12	0.08333333333333333	17/24	23/24	4/4	1	1	1/48		1/32	2/3		7	49	C#3	3	424
20	20	757/12	0.08333333333333333	17/24	23/24	4/4	1	1	1/48		1/32	2/3		3	57	A3	3	424
20	20	379/6	0.08333333333333333	35/48	47/48	4/4	1	1	1/48		1/32	2/3		10	46	A#2	2	425
21	21	253/4	0.08333333333333333	0	0	4/4	1	1	1/48		1/32	2/3		4	40	E2	2	426
21	21	253/4	0.08333333333333333	0	0	4/4	1	1	1/48		1/32	2/3		5	47	B2	2	426
21	21	253/4	0.08333333333333333	0	0	4/4	1	1	1/48		1/32	2/3		4	52	E3	3	426
21	21	190/3	0.08333333333333333	1/48	1/48	4/4	1	1	1/48		1/32	2/3		4	52	E3	3	427
21	21	761/12	0.08333333333333333	1/24	1/24	4/4	1	1	1/48		1/32	2/3		8	56	G#3	3	428
21	21	127/2	0.08333333333333333	1/16	1/16	4/4	1	1	1/48		1/32	2/3		4	52	E3	3	429
21	21	763/12	0.08333333333333333	1/12	1/12	4/4	1	1	1/48		1/32	2/3		1	43	G2	2	430
21	21	763/12	0.08333333333333333	1/12	1/12	4/4	1	1	1/48		1/32	2/3		-1	53	F3	3	430
21	21	191/3	0.08333333333333333	5/48	5/48	4/4	1	1	1/48		1/32	2/3		-1	53	F3	3	431
21	21	255/4	0.08333333333333333	1/8	1/8	4/4	1	1	1/48		1/32	2/3		1	55	G3	3	432
21	21	383/6	0.08333333333333333	7/48	7/48	4/4	1	1	1/48		1/32	2/3		11	53	E#3	3	433
21	21	767/12	0.08333333333333333	1/6	1/6	4/4	1	1	1/48		1/32	2/3		4	40	E2	2	434
21	21	767/12	0.08333333333333333	1/6	1/6	4/4	1	1	1/48		1/32	2/3		5	47	B2	2	434
21	21	64	0.08333333333333333	3/16	3/16	4/4	1	1	1/48		1/32	2/3		4	52	E3	3	435
21	21	769/12	0.08333333333333333	5/24	5/24	4/4	1	1	1/48		1/32	2/3		8	56	G#3	3	436
21	21	385/6	0.08333333333333333	11/48	11/48	4/4	1	1	1/48		1/32	2/3		4	52	E3	3	437
21	21	257/4	0.3333333333333333	1/4	1/4	4/4	2	1	1/12		1/8	2/3		1	43	G2	2	462
21	21	257/4	0.3333333333333333	1/4	1/4	4/4	2	1	1/12		1/8	2/3		-1	53	F3	3	462
21	21	775/12	0.3333333333333333	1/3	1/3	4/4	2	1	1/12		1/8	2/3		4	40	E2	2	463
21	21	775/12	0.3333333333333333	1/3	1/3	4/4	2	1	1/12		1/8	2/3		5	47	B2	2	463
21	21	2329/36	0.1111111111111111	13/36	13/36	4/4	1	1	1/36		1/8	2/9	1	1	55	G3	3	438
21	21	2329/36	0.1111111111111111	13/36	13/36	4/4	1	2	1/36		1/16	4/9		1	55	G3	3	450
21	21	2333/36	0.1111111111111111	7/18	7/18	4/4	1	2	1/36		1/16	4/9		4	52	E3	3	451
21	21	2333/36	0.1111111111111111	7/18	7/18	4/4	1	1	1/36		1/8	2/9	-1	1	55	G3	3	439
21	21	779/12	0.3333333333333333	5/12	5/12	4/4	2	1	1/12		1/8	2/3		1	43	G2	2	464
21	21	779/12	0.3333333333333333	5/12	5/12	4/4	2	1	1/12		1/8	2/3		-1	53	F3	3	464
21	21	2341/36	0.1111111111111111	4/9	4/9	4/4	1	1	1/36		1/8	2/9	1	8	56	G#3	3	440
21	21	2341/36	0.1111111111111111	4/9	4/9	4/4	1	2	1/36		1/16	4/9		8	56	G#3	3	452
21	21	2345/36	0.1111111111111111	17/36	17/36	4/4	1	2	1/36		1/16	4/9		-1	53	F3	3	453
21	21	2345/36	0.1111111111111111	17/36	17/36	4/4	1	1	1/36		1/8	2/9	-1	8	56	G#3	3	441
21	21	261/4	0.3333333333333333	1/2	1/2	4/4	2	1	1/12		1/8	2/3		4	40	E2	2	465
21	21	261/4	0.3333333333333333	1/2	1/2	4/4	2	1	1/12		1/8	2/3		5	47	B2	2	465
21	21	787/12	0.3333333333333333	7/12	7/12	4/4	2	1	1/12		1/8	2/3		1	43	G2	2	466
21	21	787/12	0.3333333333333333	7/12	7/12	4/4	2	1	1/12		1/8	2/3		-1	53	F3	3	466
21	21	2365/36	0.1111111111111111	11/18	11/18	4/4	1	1	1/36		1/8	2/9	1	1	55	G3	3	442
21	21	2365/36	0.1111111111111111	11/18	11/18	4/4	1	2	1/36		1/16	4/9		1	55	G3	3	454
21	21	2369/36	0.1111111111111111	23/36	23/36	4/4	1	2	1/36		1/16	4/9		-1	53	F3	3	455
21	21	2369/36	0.1111111111111111	23/36	23/36	4/4	1	1	1/36		1/8	2/9	-1	1	55	G3	3	443
21	21	791/12	0.3333333333333333	2/3	2/3	4/4	2	1	1/12		1/8	2/3		4	40	E2	2	467
21	21	791/12	0.3333333333333333	2/3	2/3	4/4	2	1	1/12		1/8	2/3		5	47	B2	2	467
21	21	2377/36	0.1111111111111111	25/36	25/36	4/4	1	1	1/36		1/8	2/9	1	8	56	G#3	3	444
21	21	2377/36	0.1111111111111111	25/36	25/36	4/4	1	2	1/36		1/16	4/9		8	56	G#3	3	456
21	21	2381/36	0.1111111111111111	13/18	13/18	4/4	1	2	1/36		1/16	4/9		4	52	E3	3	457
21	21	2381/36	0.1111111111111111	13/18	13/18	4/4	1	1	1/36		1/8	2/9	-1	8	56	G#3	3	445
21	21	265/4	0.3333333333333333	3/4	3/4	4/4	2	1	1/12		1/8	2/3		1	43	G2	2	468
21	21	265/4	0.3333333333333333	3/4	3/4	4/4	2	1	1/12		1/8	2/3		-1	53	F3	3	468
21	21	799/12	0.3333333333333333	5/6	5/6	4/4	2	1	1/12		1/8	2/3		4	40	E2	2	469
21	21	799/12	0.3333333333333333	5/6	5/6	4/4	2	1	1/12		1/8	2/3		5	47	B2	2	469
21	21	2401/36	0.1111111111111111	31/36	31/36	4/4	1	1	1/36		1/8	2/9	1	1	55	G3	3	446
21	21	2401/36	0.1111111111111111	31/36	31/36	4/4	1	2	1/36		1/16	4/9		1	55	G3	3	458
21	21	2405/36	0.1111111111111111	8/9	8/9	4/4	1	2	1/36		1/16	4/9		4	52	E3	3	459
21	21	2405/36	0.1111111111111111	8/9	8/9	4/4	1	1	1/36		1/8	2/9	-1	1	55	G3	3	447
21	21	803/12	0.3333333333333333	11/12	11/12	4/4	2	1	1/12		1/8	2/3		1	43	G2	2	470
21	21	803/12	0.3333333333333333	11/12	11/12	4/4	2	1	1/12		1/8	2/3		-1	53	F3	3	470
21	21	2413/36	0.1111111111111111	17/18	17/18	4/4	1	1	1/36		1/8	2/9	1	8	56	G#3	3	448
21	21	2413/36	0.1111111111111111	17/18	17/18	4/4	1	2	1/36		1/16	4/9		8	56	G#3	3	460
21	21	2417/36	0.1111111111111111	35/36	35/36	4/4	1	2	1/36		1/16	4/9		-1	53	F3	3	461
21	21	2417/36	0.1111111111111111	35/36	35/36	4/4	1	1	1/36		1/8	2/9	0	8	56	G#3	3	449
22	22	269/4	0.5	0	0	2/4	2	1	1/8		1/8	1		4	40	E2	2	477
22	22	269/4	0.5	0	0	2/4	2	1	1/8		1/8	1		5	47	B2	2	477
22	22	269/4	0.3333333333333333	0	0	2/4	1	1	1/12		1/8	2/3	-1	8	56	G#3	3	471
22	22	811/12	0.3333333333333333	1/12	1/12	2/4	1	1	1/12		1/8	2/3		13	55	F##3	3	472
22	22	815/12	0.3333333333333333	1/6	1/6	2/4	1	1	1/12		1/8	2/3	1	8	56	G#3	3	473
22	22	273/4	0.3333333333333333	1/4	1/4	2/4	1	1	1/12		1/8	2/3	-1	8	56	G#3	3	474
22	22	823/12	0.3333333333333333	1/3	1/3	2/4	1	1	1/12		1/8	2/3		13	55	F##3	3	475
22	22	827/12	0.3333333333333333	5/12	5/12	2/4	1	1	1/12		1/8	2/3	1	8	56	G#3	3	476
23	23	277/4	0.3333333333333333	0	0	4/4	1	2	1/12		1/8	2/3	-1	8	56	G#3	3	480
23	23	835/12	0.3333333333333333	1/12	1/12	4/4	1	2	1/12		1/8	2/3		13	55	F##3	3	481
23	23	839/12	0.3333333333333333	1/6	1/6	4/4	1	2	1/12		1/8	2/3	1	8	56	G#3	3	482
23	23	281/4	0.3333333333333333	1/4	1/4	4/4	1	2	1/12		1/8	2/3	-1	8	56	G#3	3	483
23	23	281/4	2.0	1/4	1/4	4/4	1	1	1/2		1/2	1		5	59	B3	3	478
23	23	847/12	0.3333333333333333	1/3	1/3	4/4	1	2	1/12		1/8	2/3		13	55	F##3	3	484
23	23	851/12	0.3333333333333333	5/12	5/12	4/4	1	2	1/12		1/8	2/3	1	8	56	G#3	3	485
23	23	285/4	0.3333333333333333	1/2	1/2	4/4	1	2	1/12		1/8	2/3	-1	8	56	G#3	3	486
23	23	859/12	0.3333333333333333	7/12	7/12	4/4	1	2	1/12		1/8	2/3		13	55	F##3	3	487
23	23	863/12	0.3333333333333333	2/3	2/3	4/4	1	2	1/12		1/8	2/3	1	8	56	G#3	3	488
23	23	289/4	0.3333333333333333	3/4	3/4	4/4	1	2	1/12		1/8	2/3	-1	8	56	G#3	3	489
23	23	289/4	1.0	3/4	3/4	4/4	1	1	1/4		1/4	1		12	60	B#3	3	479
23	23	871/12	0.3333333333333333	5/6	5/6	4/4	1	2	1/12		1/8	2/3		13	55	F##3	3	490
23	23	875/12	0.3333333333333333	11/12	11/12	4/4	1	2	1/12		1/8	2/3		8	56	G#3	3	491
24	24	293/4	2.0	0	0	4/4	2	2	1/2		1/2	1	1	0	36	C2	2	502
24	24	293/4	2.0	0	0	4/4	2	2	1/2		1/2	1	1	1	43	G2	2	502
24	24	293/4	0.3333333333333333	0	0	4/4	1	2	1/12		1/8	2/3		3	57	A3	3	495
24	24	293/4	0.3333333333333333	0	0	4/4	1	1	1/12		1/8	2/3	1	7	61	C#4	4	492
24	24	883/12	0.6666666666666666	1/12	1/12	4/4	1	2	1/6		1/4	2/3	1	-2	58	Bb3	3	496
24	24	883/12	0.6666666666666666	1/12	1/12	4/4	1	1	1/6		1/4	2/3	0	7	61	C#4	4	493
24	24	883/12	0.6666666666666666	1/12	1/12	4/4	1	1	1/6		1/4	2/3	1	4	64	E4	4	493
24	24	883/12	0.6666666666666666	1/12	1/12	4/4	1	1	1/6		1/4	2/3	1	3	69	A4	4	493
24	24	887/12	0.3333333333333333	1/6	1/6	4/4	2	1	1/12		1/8	2/3	1	6	66	F#4	4	500
24	24	297/4	0.3333333333333333	1/4	1/4	4/4	1	2	1/12		1/8	2/3	-1	-2	58	Bb3	3	497
24	24	297/4	1.0	1/4	1/4	4/4	1	1	1/4		1/4	1	-1	7	61	C#4	4	494
24	24	297/4	1.0	1/4	1/4	4/4	1	1	1/4		1/4	1	-1	4	64	E4	4	494
24	24	297/4	1.0	1/4	1/4	4/4	2	1	1/4		1/4	1	-1	6	66	F#4	4	501
24	24	297/4	1.0	1/4	1/4	4/4	1	1	1/4		1/4	1	-1	3	69	A4	4	494
24	24	895/12	0.3333333333333333	1/3	1/3	4/4	1	2	1/12		1/8	2/3		3	57	A3	3	498
24	24	899/12	0.3333333333333333	5/12	5/12	4/4	1	2	1/12		1/8	2/3	1	-2	58	Bb3	3	499
25	25	301/4	1.0	0	1/2	4/4	2	1	1/4		1/4	1	-1	0	36	C2	2	509
25	25	301/4	1.0	0	1/2	4/4	2	1	1/4		1/4	1	-1	1	43	G2	2	509
25	25	301/4	0.3333333333333333	0	1/2	4/4	1	2	1/12		1/8	2/3	-1	-2	58	Bb3	3	503
25	25	907/12	0.3333333333333333	1/12	7/12	4/4	1	2	1/12		1/8	2/3		3	57	A3	3	504
25	25	911/12	0.3333333333333333	1/6	2/3	4/4	1	2	1/12		1/8	2/3	1	-2	58	Bb3	3	505
25	25	305/4	0.3333333333333333	1/4	3/4	4/4	1	2	1/12		1/8	2/3	-1	-2	58	Bb3	3	506
25	25	919/12	0.3333333333333333	1/3	5/6	4/4	1	2	1/12		1/8	2/3		3	57	A3	3	507
25	25	923/12	0.3333333333333333	5/12	11/12	4/4	1	2	1/12		1/8	2/3	1	-2	58	Bb3	3	508
26	26	309/4	4.0	0	0	4/4	2	1	1		1	1	1	1	43	G2	2	526
26	26	309/4	4.0	0	0	4/4	2	1	1		1	1	1	2	50	D3	3	526
26	26	309/4	0.3333333333333333	0	0	4/4	1	2	1/12		1/8	2/3	-1	-2	58	Bb3	3	514
26	26	309/4	0.5	0	0	4/4	1	1	1/8		1/8	1		3	81	A5	5	510
26	26	931/12	0.3333333333333333	1/12	1/12	4/4	1	2	1/12		1/8	2/3		3	57	A3	3	515
26	26	931/12	0.3333333333333333	1/12	1/12	4/4	1	2	1/12		1/8	2/3		2	62	D4	4	515
26	26	931/12	0.3333333333333333	1/12	1/12	4/4	1	2	1/12		1/8	2/3		3	69	A4	4	515
26	26	311/4	1.5	1/8	1/8	4/4	1	1	3/8		1/4	3/2		3	81	A5	5	511
26	26	935/12	0.3333333333333333	1/6	1/6	4/4	1	2	1/12		1/8	2/3	1	-2	58	Bb3	3	516
26	26	935/12	0.3333333333333333	1/6	1/6	4/4	1	2	1/12		1/8	2/3	1	-1	65	F4	4	516
26	26	313/4	0.3333333333333333	1/4	1/4	4/4	1	2	1/12		1/8	2/3	-1	-2	58	Bb3	3	517
26	26	313/4	0.3333333333333333	1/4	1/4	4/4	1	2	1/12		1/8	2/3	-1	-1	65	F4	4	517
26	26	943/12	0.3333333333333333	1/3	1/3	4/4	1	2	1/12		1/8	2/3		3	57	A3	3	518
26	26	943/12	0.3333333333333333	1/3	1/3	4/4	1	2	1/12		1/8	2/3		2	62	D4	4	518
26	26	943/12	0.3333333333333333	1/3	1/3	4/4	1	2	1/12		1/8	2/3		3	69	A4	4	518
26	26	947/12	0.3333333333333333	5/12	5/12	4/4	1	2	1/12		1/8	2/3	1	-2	58	Bb3	3	519
26	26	947/12	0.3333333333333333	5/12	5/12	4/4	1	2	1/12		1/8	2/3	1	-1	65	F4	4	519
26	26	317/4	0.3333333333333333	1/2	1/2	4/4	1	2	1/12		1/8	2/3	-1	-2	58	Bb3	3	520
26	26	317/4	0.3333333333333333	1/2	1/2	4/4	1	2	1/12		1/8	2/3	-1	-1	65	F4	4	520
26	26	317/4	0.5	1/2	1/2	4/4	1	1	1/8		1/8	1		3	81	A5	5	512
26	26	955/12	0.3333333333333333	7/12	7/12	4/4	1	2	1/12		1/8	2/3		3	57	A3	3	521
26	26	955/12	0.3333333333333333	7/12	7/12	4/4	1	2	1/12		1/8	2/3		2	62	D4	4	521
26	26	955/12	0.3333333333333333	7/12	7/12	4/4	1	2	1/12		1/8	2/3		3	69	A4	4	521
26	26	319/4	1.5	5/8	5/8	4/4	1	1	3/8		1/4	3/2		3	81	A5	5	513
26	26	959/12	0.3333333333333333	2/3	2/3	4/4	1	2	1/12		1/8	2/3	1	-2	58	Bb3	3	522
26	26	959/12	0.3333333333333333	2/3	2/3	4/4	1	2	1/12		1/8	2/3	1	-1	65	F4	4	522
26	26	321/4	0.3333333333333333	3/4	3/4	4/4	1	2	1/12		1/8	2/3	-1	-2	58	Bb3	3	523
26	26	321/4	0.3333333333333333	3/4	3/4	4/4	1	2	1/12		1/8	2/3	-1	-1	65	F4	4	523
26	26	967/12	0.3333333333333333	5/6	5/6	4/4	1	2	1/12		1/8	2/3		3	57	A3	3	524
26	26	967/12	0.3333333333333333	5/6	5/6	4/4	1	2	1/12		1/8	2/3		2	62	D4	4	524
26	26	967/12	0.3333333333333333	5/6	5/6	4/4	1	2	1/12		1/8	2/3		3	69	A4	4	524
26	26	971/12	0.3333333333333333	11/12	11/12	4/4	1	2	1/12		1/8	2/3	1	-2	58	Bb3	3	525
26	26	971/12	0.3333333333333333	11/12	11/12	4/4	1	2	1/12		1/8	2/3	1	-1	65	F4	4	525
27	27	325/4	1.0	0	0	4/4	2	1	1/4		1/4	1	-1	1	43	G2	2	540
27	27	325/4	1.0	0	0	4/4	2	1	1/4		1/4	1	-1	2	50	D3	3	540
27	27	325/4	0.3333333333333333	0	0	4/4	1	2	1/12		1/8	2/3	-1	-2	58	Bb3	3	534
27	27	325/4	0.3333333333333333	0	0	4/4	1	2	1/12		1/8	2/3	-1	-1	65	F4	4	534
27	27	979/12	0.3333333333333333	1/12	1/12	4/4	1	2	1/12		1/8	2/3		3	57	A3	3	535
27	27	979/12	0.3333333333333333	1/12	1/12	4/4	1	2	1/12		1/8	2/3		2	62	D4	4	535
27	27	979/12	0.3333333333333333	1/12	1/12	4/4	1	2	1/12		1/8	2/3		3	69	A4	4	535
27	27	979/12	0.08333333333333333	1/12	1/12	4/4	1	1	1/48		1/32	2/3		-1	77	F5	5	527
27	27	245/3	0.08333333333333333	5/48	5/48	4/4	1	1	1/48		1/32	2/3		0	84	C6	6	528
27	27	327/4	0.08333333333333333	1/8	1/8	4/4	1	1	1/48		1/32	2/3		4	88	E6	6	529
27	27	491/6	0.08333333333333333	7/48	7/48	4/4	1	1	1/48		1/32	2/3		2	86	D6	6	530
27	27	983/12	0.3333333333333333	1/6	1/6	4/4	1	2	1/12		1/8	2/3		-2	58	Bb3	3	536
27	27	983/12	0.3333333333333333	1/6	1/6	4/4	1	2	1/12		1/8	2/3		-1	65	F4	4	536
27	27	983/12	0.25	1/6	1/6	4/4	1	1	1/16		1/16	1		3	81	A5	5	531
27	27	493/6	0.08333333333333333	11/48	11/48	4/4	1	1	1/48		1/32	2/3		2	74	D5	5	532
27	27	329/4	1.0	1/4	1/4	4/4	2	1	1/4		1/4	1		-2	46	Bb2	2	541
27	27	329/4	1.0	1/4	1/4	4/4	2	1	1/4		1/4	1		-1	53	F3	3	541
27	27	329/4	1.0	1/4	1/4	4/4	1	1	1/4		1/4	1	1	1	79	G5	5	533
27	27	991/12	0.3333333333333333	1/3	1/3	4/4	1	2	1/12		1/8	2/3		3	57	A3	3	537
27	27	991/12	0.6666666666666666	1/3	1/3	4/4	1	3	1/6		1/4	2/3		4	64	E4	4	539
27	27	991/12	0.6666666666666666	1/3	1/3	4/4	1	3	1/6		1/4	2/3		8	68	G#4	4	539
27	27	995/12	0.3333333333333333	5/12	5/12	4/4	1	2	1/12		1/8	2/3		-2	58	Bb3	3	538
28	28	333/4	2.0	0	1/2	4/4	2	1	1/2		1/2	1		1	43	G2	2	554
28	28	333/4	2.0	0	1/2	4/4	2	1	1/2		1/2	1		2	50	D3	3	554
28	28	333/4	1.0	0	1/2	4/4	1	1	1/4		1/4	1	-1	1	79	G5	5	542
28	28	1003/12	0.3333333333333333	1/12	7/12	4/4	1	2	1/12		1/8	2/3		3	57	A3	3	549
28	28	1003/12	0.3333333333333333	1/12	7/12	4/4	1	2	1/12		1/8	2/3		2	62	D4	4	549
28	28	1003/12	0.3333333333333333	1/12	7/12	4/4	1	2	1/12		1/8	2/3		3	69	A4	4	549
28	28	1007/12	0.3333333333333333	1/6	2/3	4/4	1	2	1/12		1/8	2/3	1	-2	58	Bb3	3	550
28	28	1007/12	0.3333333333333333	1/6	2/3	4/4	1	2	1/12		1/8	2/3	1	-1	65	F4	4	550
28	28	337/4	0.3333333333333333	1/4	3/4	4/4	1	2	1/12		1/8	2/3	-1	-2	58	Bb3	3	551
28	28	337/4	0.3333333333333333	1/4	3/4	4/4	1	2	1/12		1/8	2/3	-1	-1	65	F4	4	551
28	28	1015/12	0.3333333333333333	1/3	5/6	4/4	1	2	1/12		1/8	2/3		3	57	A3	3	552
28	28	1015/12	0.3333333333333333	1/3	5/6	4/4	1	2	1/12		1/8	2/3		2	62	D4	4	552
28	28	1015/12	0.3333333333333333	1/3	5/6	4/4	1	2	1/12		1/8	2/3		3	69	A4	4	552
28	28	1015/12	0.08333333333333333	1/3	5/6	4/4	1	1	1/48		1/32	2/3		-1	77	F5	5	543
28	28	254/3	0.08333333333333333	17/48	41/48	4/4	1	1	1/48		1/32	2/3		0	84	C6	6	544
28	28	339/4	0.08333333333333333	3/8	7/8	4/4	1	1	1/48		1/32	2/3		4	88	E6	6	545
28	28	509/6	0.08333333333333333	19/48	43/48	4/4	1	1	1/48		1/32	2/3		2	86	D6	6	546
28	28	1019/12	0.3333333333333333	5/12	11/12	4/4	1	2	1/12		1/8	2/3		-2	58	Bb3	3	553
28	28	1019/12	0.3333333333333333	5/12	11/12	4/4	1	2	1/12		1/8	2/3		-1	65	F4	4	553
28	28	1019/12	0.25	5/12	11/12	4/4	1	1	1/16		1/16	1		3	81	A5	5	547
28	28	511/6	0.08333333333333333	23/48	47/48	4/4	1	1	1/48		1/32	2/3		2	74	D5	5	548
29	29	341/4	2.0	0	0	4/4	2	2	1/2		1/2	1		-2	46	Bb2	2	570
29	29	341/4	2.0	0	0	4/4	2	2	1/2		1/2	1		-1	53	F3	3	570
29	29	341/4	2.0	0	0	4/4	1	1	1/2		1/2	1		1	79	G5	5	555
29	29	1027/12	0.3333333333333333	1/12	1/12	4/4	1	3	1/12		1/8	2/3		3	57	A3	3	560
29	29	1027/12	0.6666666666666666	1/12	1/12	4/4	1	2	1/6		1/4	2/3	1	4	64	E4	4	558
29	29	1027/12	0.6666666666666666	1/12	1/12	4/4	1	2	1/6		1/4	2/3	1	-4	68	Ab4	4	558
29	29	1031/12	0.3333333333333333	1/6	1/6	4/4	1	3	1/12		1/8	2/3		-2	58	Bb3	3	561
29	29	345/4	1.0	1/4	1/4	4/4	1	2	1/4		1/4	1	-1	4	64	E4	4	559
29	29	345/4	1.0	1/4	1/4	4/4	1	2	1/4		1/4	1	-1	-4	68	Ab4	4	559
29	29	1039/12	0.3333333333333333	1/3	1/3	4/4	1	3	1/12		1/8	2/3		3	57	A3	3	562
29	29	1043/12	0.3333333333333333	5/12	5/12	4/4	1	3	1/12		1/8	2/3		-2	58	Bb3	3	563
29	29	349/4	2.0	1/2	1/2	4/4	2	2	1/2		1/2	1		-3	39	Eb2	2	571
29	29	349/4	2.0	1/2	1/2	4/4	2	2	1/2		1/2	1		-2	46	Bb2	2	571
29	29	349/4	2.0	1/2	1/2	4/4	1	3	1/2		1/2	1		2	62	D4	4	564
29	29	349/4	2.0	1/2	1/2	4/4	1	3	1/2		1/2	1		-6	66	Gb4	4	564
29	29	349/4	0.5	1/2	1/2	4/4	1	1	1/8		1/8	1		2	74	D5	5	556
29	29	1051/12	0.3333333333333333	7/12	7/12	4/4	2	1	1/12		1/8	2/3		3	57	A3	3	565
29	29	351/4	1.5	5/8	5/8	4/4	1	1	3/8		1/4	3/2		2	74	D5	5	557
29	29	1055/12	0.3333333333333333	2/3	2/3	4/4	2	1	1/12		1/8	2/3	1	-2	58	Bb3	3	566
29	29	353/4	0.3333333333333333	3/4	3/4	4/4	2	1	1/12		1/8	2/3	-1	-2	58	Bb3	3	567
29	29	1063/12	0.3333333333333333	5/6	5/6	4/4	2	1	1/12		1/8	2/3		3	57	A3	3	568
29	29	1067/12	0.3333333333333333	11/12	11/12	4/4	2	1	1/12		1/8	2/3		-2	58	Bb3	3	569
30	30	357/4	2.0	0	0	2/4	2	2	1/2		1/2	1		-4	32	Ab1	1	580
30	30	357/4	2.0	0	0	2/4	2	2	1/2		1/2	1		-3	39	Eb2	2	580
30	30	357/4	2.0	0	0	2/4	2	2	1/2		1/2	1		0	48	C3	3	580
30	30	357/4	2.0	0	0	2/4	1	2	1/2		1/2	1		-3	63	Eb4	4	574
30	30	357/4	2.0	0	0	2/4	1	2	1/2		1/2	1		-6	66	Gb4	4	574
30	30	357/4	0.5	0	0	2/4	1	1	1/8		1/8	1		2	74	D5	5	572
30	30	1075/12	0.3333333333333333	1/12	1/12	2/4	2	1	1/12		1/8	2/3		3	57	A3	3	575
30	30	359/4	1.5	1/8	1/8	2/4	1	1	3/8		1/4	3/2		2	74	D5	5	573
30	30	1079/12	0.3333333333333333	1/6	1/6	2/4	2	1	1/12		1/8	2/3	1	-2	58	Bb3	3	576
30	30	361/4	0.3333333333333333	1/4	1/4	2/4	2	1	1/12		1/8	2/3	-1	-2	58	Bb3	3	577
30	30	1087/12	0.3333333333333333	1/3	1/3	2/4	2	1	1/12		1/8	2/3		3	57	A3	3	578
30	30	1091/12	0.3333333333333333	5/12	5/12	2/4	2	1	1/12		1/8	2/3		-2	58	Bb3	3	579
31	31	365/4	4.0	0	0	2/4	2	2	1		1	1		-4	32	Ab1	1	645
31	31	365/4	4.0	0	0	2/4	2	2	1		1	1		-3	39	Eb2	2	645
31	31	1099/12	0.1111111111111111	1/12	1/12	2/4	1	1	1/36		1/16	4/9		3	57	A3	3	581
31	31	1099/12	0.3333333333333333	1/12	1/12	2/4	1	2	1/12		1/8	2/3		3	57	A3	3	623
31	31	3301/36	0.1111111111111111	1/9	1/9	2/4	1	1	1/36		1/16	4/9		2	62	D4	4	582
31	31	3305/36	0.1111111111111111	5/36	5/36	2/4	1	1	1/36		1/16	4/9		-6	66	Gb4	4	583
31	31	1103/12	0.1111111111111111	1/6	1/6	2/4	1	1	1/36		1/16	4/9		-2	58	Bb3	3	584
31	31	1103/12	0.3333333333333333	1/6	1/6	2/4	1	2	1/12		1/8	2/3		-2	58	Bb3	3	624
31	31	3313/36	0.1111111111111111	7/36	7/36	2/4	1	1	1/36		1/16	4/9		-3	63	Eb4	4	585
31	31	3317/36	0.1111111111111111	2/9	2/9	2/4	1	1	1/36		1/16	4/9		-6	66	Gb4	4	586
31	31	369/4	0.5	1/4	1/4	2/4	2	1	1/8		1/8	1		0	48	C3	3	637
31	31	369/4	0.1111111111111111	1/4	1/4	2/4	1	1	1/36		1/16	4/9		2	62	D4	4	587
31	31	369/4	0.3333333333333333	1/4	1/4	2/4	1	2	1/12		1/8	2/3		2	62	D4	4	625
31	31	3325/36	0.1111111111111111	5/18	5/18	2/4	1	1	1/36		1/16	4/9		-6	66	Gb4	4	588
31	31	3329/36	0.1111111111111111	11/36	11/36	2/4	1	1	1/36		1/16	4/9		3	69	A4	4	589
31	31	1111/12	0.1111111111111111	1/3	1/3	2/4	1	1	1/36		1/16	4/9		-3	63	Eb4	4	590
31	31	1111/12	0.3333333333333333	1/3	1/3	2/4	1	2	1/12		1/8	2/3		-3	63	Eb4	4	626
31	31	3337/36	0.1111111111111111	13/36	13/36	2/4	1	1	1/36		1/16	4/9		-6	66	Gb4	4	591
31	31	371/4	0.5	3/8	3/8	2/4	2	1	1/8		1/8	1		-6	54	Gb3	3	638
31	31	3341/36	0.1111111111111111	7/18	7/18	2/4	1	1	1/36		1/16	4/9		-2	70	Bb4	4	592
31	31	1115/12	0.1111111111111111	5/12	5/12	2/4	1	1	1/36		1/16	4/9		3	69	A4	4	593
31	31	1115/12	0.3333333333333333	5/12	5/12	2/4	1	2	1/12		1/8	2/3		3	69	A4	4	627
31	31	3349/36	0.1111111111111111	4/9	4/9	2/4	1	1	1/36		1/16	4/9		2	74	D5	5	594
31	31	3353/36	0.1111111111111111	17/36	17/36	2/4	1	1	1/36		1/16	4/9		-6	78	Gb5	5	595
31	31	373/4	0.5	1/2	1/2	2/4	2	1	1/8		1/8	1		0	60	C4	4	639
31	31	373/4	0.1111111111111111	1/2	1/2	2/4	1	1	1/36		1/16	4/9		-2	70	Bb4	4	596
31	31	373/4	0.3333333333333333	1/2	1/2	2/4	1	2	1/12		1/8	2/3		-2	70	Bb4	4	628
31	31	3361/36	0.1111111111111111	19/36	19/36	2/4	1	1	1/36		1/16	4/9		-3	75	Eb5	5	597
31	31	3365/36	0.1111111111111111	5/9	5/9	2/4	1	1	1/36		1/16	4/9		-6	78	Gb5	5	598
31	31	1123/12	0.1111111111111111	7/12	7/12	2/4	1	1	1/36		1/16	4/9		2	74	D5	5	599
31	31	1123/12	0.3333333333333333	7/12	7/12	2/4	1	2	1/12		1/8	2/3		2	74	D5	5	629
31	31	3373/36	0.1111111111111111	11/18	11/18	2/4	1	1	1/36		1/16	4/9		-6	78	Gb5	5	600
31	31	375/4	0.5	5/8	5/8	2/4	2	1	1/8		1/8	1		-6	66	Gb4	4	640
31	31	3377/36	0.1111111111111111	23/36	23/36	2/4	1	1	1/36		1/16	4/9		3	81	A5	5	601
31	31	1127/12	0.1111111111111111	2/3	2/3	2/4	1	1	1/36		1/16	4/9		-3	75	Eb5	5	602
31	31	1127/12	0.3333333333333333	2/3	2/3	2/4	1	2	1/12		1/8	2/3		-3	75	Eb5	5	630
31	31	3385/36	0.1111111111111111	25/36	25/36	2/4	1	1	1/36		1/16	4/9		-6	78	Gb5	5	603
31	31	3389/36	0.1111111111111111	13/18	13/18	2/4	1	1	1/36		1/16	4/9		-2	82	Bb5	5	604
31	31	377/4	0.5	3/4	3/4	2/4	2	1	1/8		1/8	1		-4	68	Ab4	4	641
31	31	377/4	0.1111111111111111	3/4	3/4	2/4	1	1	1/36		1/16	4/9		3	81	A5	5	605
31	31	377/4	0.3333333333333333	3/4	3/4	2/4	1	2	1/12		1/8	2/3		3	81	A5	5	631
31	31	3397/36	0.1111111111111111	7/9	7/9	2/4	1	1	1/36		1/16	4/9		2	86	D6	6	606
31	31	3401/36	0.1111111111111111	29/36	29/36	2/4	1	1	1/36		1/16	4/9		-6	90	Gb6	6	607
31	31	1135/12	0.1111111111111111	5/6	5/6	2/4	1	1	1/36		1/16	4/9		-2	82	Bb5	5	608
31	31	1135/12	0.3333333333333333	5/6	5/6	2/4	1	2	1/12		1/8	2/3		-2	82	Bb5	5	632
31	31	3409/36	0.1111111111111111	31/36	31/36	2/4	1	1	1/36		1/16	4/9		-3	87	Eb6	6	609
31	31	379/4	0.5	7/8	7/8	2/4	2	1	1/8		1/8	1		0	72	C5	5	642
31	31	3413/36	0.1111111111111111	8/9	8/9	2/4	1	1	1/36		1/16	4/9		-6	90	Gb6	6	610
31	31	1139/12	0.1111111111111111	11/12	11/12	2/4	1	1	1/36		1/16	4/9		3	81	A5	5	611
31	31	1139/12	0.3333333333333333	11/12	11/12	2/4	1	2	1/12		1/8	2/3		3	81	A5	5	633
31	31	3421/36	0.1111111111111111	17/18	17/18	2/4	1	1	1/36		1/16	4/9		2	86	D6	6	612
31	31	3425/36	0.1111111111111111	35/36	35/36	2/4	1	1	1/36		1/16	4/9		-6	90	Gb6	6	613
31	31	381/4	0.5	1	1	2/4	2	1	1/8		1/8	1		-3	75	Eb5	5	643
31	31	381/4	0.1111111111111111	1	1	2/4	1	1	1/36		1/16	4/9		-2	82	Bb5	5	614
31	31	381/4	0.3333333333333333	1	1	2/4	1	2	1/12		1/8	2/3		-2	82	Bb5	5	634
31	31	3433/36	0.1111111111111111	37/36	37/36	2/4	1	1	1/36		1/16	4/9		-3	87	Eb6	6	615
31	31	3437/36	0.1111111111111111	19/18	19/18	2/4	1	1	1/36		1/16	4/9		-6	90	Gb6	6	616
31	31	1147/12	0.1111111111111111	13/12	13/12	2/4	1	1	1/36		1/16	4/9		3	81	A5	5	617
31	31	1147/12	0.3333333333333333	13/12	13/12	2/4	1	2	1/12		1/8	2/3		3	81	A5	5	635
31	31	3445/36	0.1111111111111111	10/9	10/9	2/4	1	1	1/36		1/16	4/9		2	86	D6	6	618
31	31	383/4	0.5	9/8	9/8	2/4	2	1	1/8		1/8	1		-6	78	Gb5	5	644
31	31	3449/36	0.1111111111111111	41/36	41/36	2/4	1	1	1/36		1/16	4/9		-6	90	Gb6	6	619
31	31	1151/12	0.1111111111111111	7/6	7/6	2/4	1	1	1/36		1/16	4/9		-2	82	Bb5	5	620
31	31	1151/12	0.3333333333333333	7/6	7/6	2/4	1	2	1/12		1/8	2/3		-2	82	Bb5	5	636
31	31	3457/36	0.1111111111111111	43/36	43/36	2/4	1	1	1/36		1/16	4/9		-3	87	Eb6	6	621
31	31	3461/36	0.1111111111111111	11/9	11/9	2/4	1	1	1/36		1/16	4/9		-6	90	Gb6	6	622
32	32	385/4	0.3333333333333333	0	0	2/4	2	1	1/12		1/8	2/3		-4	80	Ab5	5	701
32	32	385/4	0.1111111111111111	0	0	2/4	1	1	1/36		1/16	4/9		3	81	A5	5	646
32	32	385/4	0.3333333333333333	0	0	2/4	1	2	1/12		1/8	2/3		3	81	A5	5	689
32	32	3469/36	0.1111111111111111	1/36	1/36	2/4	1	1	1/36		1/16	4/9		2	86	D6	6	647
32	32	3473/36	0.1111111111111111	1/18	1/18	2/4	1	1	1/36		1/16	4/9		-6	90	Gb6	6	648
32	32	1159/12	0.3333333333333333	1/12	1/12	2/4	2	1	1/12		1/8	2/3		-6	78	Gb5	5	702
32	32	1159/12	0.1111111111111111	1/12	1/12	2/4	1	1	1/36		1/16	4/9		-2	82	Bb5	5	649
32	32	1159/12	0.3333333333333333	1/12	1/12	2/4	1	2	1/12		1/8	2/3		-2	82	Bb5	5	690
32	32	3481/36	0.1111111111111111	1/9	1/9	2/4	1	1	1/36		1/16	4/9		-3	87	Eb6	6	650
32	32	3485/36	0.1111111111111111	5/36	5/36	2/4	1	1	1/36		1/16	4/9		-6	90	Gb6	6	651
32	32	1163/12	0.3333333333333333	1/6	1/6	2/4	2	1	1/12		1/8	2/3		-3	75	Eb5	5	703
32	32	1163/12	0.1111111111111111	1/6	1/6	2/4	1	1	1/36		1/16	4/9		3	81	A5	5	652
32	32	1163/12	0.3333333333333333	1/6	1/6	2/4	1	2	1/12		1/8	2/3		3	81	A5	5	691
32	32	3493/36	0.1111111111111111	7/36	7/36	2/4	1	1	1/36		1/16	4/9		2	86	D6	6	653
32	32	3497/36	0.1111111111111111	2/9	2/9	2/4	1	1	1/36		1/16	4/9		-6	90	Gb6	6	654
32	32	389/4	0.3333333333333333	1/4	1/4	2/4	2	1	1/12		1/8	2/3		0	72	C5	5	704
32	32	389/4	0.1111111111111111	1/4	1/4	2/4	1	1	1/36		1/16	4/9		-2	82	Bb5	5	655
32	32	389/4	0.3333333333333333	1/4	1/4	2/4	1	2	1/12		1/8	2/3		-2	82	Bb5	5	692
32	32	3505/36	0.1111111111111111	5/18	5/18	2/4	1	1	1/36		1/16	4/9		-3	87	Eb6	6	656
32	32	3509/36	0.1111111111111111	11/36	11/36	2/4	1	1	1/36		1/16	4/9		-6	90	Gb6	6	657
32	32	1171/12	0.3333333333333333	1/3	1/3	2/4	2	1	1/12		1/8	2/3		-3	75	Eb5	5	705
32	32	1171/12	0.1111111111111111	1/3	1/3	2/4	1	1	1/36		1/16	4/9		3	81	A5	5	658
32	32	1171/12	0.3333333333333333	1/3	1/3	2/4	1	2	1/12		1/8	2/3		3	81	A5	5	693
32	32	3517/36	0.1111111111111111	13/36	13/36	2/4	1	1	1/36		1/16	4/9		2	86	D6	6	659
32	32	3521/36	0.1111111111111111	7/18	7/18	2/4	1	1	1/36		1/16	4/9		-6	90	Gb6	6	660
32	32	1175/12	0.3333333333333333	5/12	5/12	2/4	2	1	1/12		1/8	2/3		-6	78	Gb5	5	706
32	32	1175/12	0.1111111111111111	5/12	5/12	2/4	1	1	1/36		1/16	4/9		-2	82	Bb5	5	661
32	32	1175/12	0.3333333333333333	5/12	5/12	2/4	1	2	1/12		1/8	2/3		-2	82	Bb5	5	694
32	32	3529/36	0.1111111111111111	4/9	4/9	2/4	1	1	1/36		1/16	4/9		-3	87	Eb6	6	662
32	32	3533/36	0.1111111111111111	17/36	17/36	2/4	1	1	1/36		1/16	4/9		-6	90	Gb6	6	663
32	32	393/4	0.3333333333333333	1/2	1/2	2/4	2	1	1/12		1/8	2/3		-4	80	Ab5	5	707
32	32	393/4	0.1111111111111111	1/2	1/2	2/4	1	1	1/36		1/16	4/9		3	81	A5	5	664
32	32	393/4	0.3333333333333333	1/2	1/2	2/4	1	2	1/12		1/8	2/3		3	81	A5	5	695
32	32	3541/36	0.1111111111111111	19/36	19/36	2/4	1	1	1/36		1/16	4/9		2	86	D6	6	665
32	32	3545/36	0.1111111111111111	5/9	5/9	2/4	1	1	1/36		1/16	4/9		-6	90	Gb6	6	666
32	32	1183/12	0.3333333333333333	7/12	7/12	2/4	2	1	1/12		1/8	2/3		-6	78	Gb5	5	708
32	32	1183/12	0.1111111111111111	7/12	7/12	2/4	1	1	1/36		1/16	4/9		-2	82	Bb5	5	667
32	32	1183/12	0.3333333333333333	7/12	7/12	2/4	1	2	1/12		1/8	2/3		-2	82	Bb5	5	696
32	32	3553/36	0.1111111111111111	11/18	11/18	2/4	1	1	1/36		1/16	4/9		-3	87	Eb6	6	668
32	32	3557/36	0.1111111111111111	23/36	23/36	2/4	1	1	1/36		1/16	4/9		-6	90	Gb6	6	669
32	32	1187/12	0.3333333333333333	2/3	2/3	2/4	2	1	1/12		1/8	2/3		-3	75	Eb5	5	709
32	32	1187/12	0.1111111111111111	2/3	2/3	2/4	1	1	1/36		1/16	4/9		3	81	A5	5	670
32	32	1187/12	0.3333333333333333	2/3	2/3	2/4	1	2	1/12		1/8	2/3		3	81	A5	5	697
32	32	3565/36	0.1111111111111111	25/36	25/36	2/4	1	1	1/36		1/16	4/9		2	86	D6	6	671
32	32	3569/36	0.1111111111111111	13/18	13/18	2/4	1	1	1/36		1/16	4/9		-6	90	Gb6	6	672
32	32	397/4	0.3333333333333333	3/4	3/4	2/4	2	1	1/12		1/8	2/3		0	72	C5	5	710
32	32	397/4	0.1111111111111111	3/4	3/4	2/4	1	1	1/36		1/16	4/9		-2	82	Bb5	5	673
32	32	397/4	0.3333333333333333	3/4	3/4	2/4	1	2	1/12		1/8	2/3		-2	82	Bb5	5	698
32	32	3577/36	0.1111111111111111	7/9	7/9	2/4	1	1	1/36		1/16	4/9		-3	87	Eb6	6	674
32	32	3581/36	0.1111111111111111	29/36	29/36	2/4	1	1	1/36		1/16	4/9		-6	90	Gb6	6	675
32	32	1195/12	0.3333333333333333	5/6	5/6	2/4	2	1	1/12		1/8	2/3		-3	75	Eb5	5	711
32	32	1195/12	0.1111111111111111	5/6	5/6	2/4	1	1	1/36		1/16	4/9		3	81	A5	5	676
32	32	1195/12	0.3333333333333333	5/6	5/6	2/4	1	2	1/12		1/8	2/3		3	81	A5	5	699
32	32	3589/36	0.1111111111111111	31/36	31/36	2/4	1	1	1/36		1/16	4/9		2	86	D6	6	677
32	32	3593/36	0.1111111111111111	8/9	8/9	2/4	1	1	1/36		1/16	4/9		-6	90	Gb6	6	678
32	32	1199/12	0.3333333333333333	11/12	11/12	2/4	2	1	1/12		1/8	2/3		-6	78	Gb5	5	712
32	32	1199/12	0.1111111111111111	11/12	11/12	2/4	1	1	1/36		1/16	4/9		-2	82	Bb5	5	679
32	32	1199/12	0.3333333333333333	11/12	11/12	2/4	1	2	1/12		1/8	2/3		-2	82	Bb5	5	700
32	32	3601/36	0.1111111111111111	17/18	17/18	2/4	1	1	1/36		1/16	4/9		-3	87	Eb6	6	680
32	32	3605/36	0.1111111111111111	35/36	35/36	2/4	1	1	1/36		1/16	4/9		-6	90	Gb6	6	681
32	32	401/4	0.16666666666666666	1	1	2/4	2	1	1/24		1/16	2/3		2	74	D5	5	713
32	32	401/4	0.08333333333333333	1	1	2/4	1	1	1/48		1/32	2/3		0	84	C6	6	682
32	32	301/3	0.08333333333333333	49/48	49/48	2/4	1	1	1/48		1/32	2/3		4	88	E6	6	683
32	32	1205/12	0.16666666666666666	25/24	25/24	2/4	2	1	1/24		1/16	2/3		6	78	F#5	5	714
32	32	1205/12	0.08333333333333333	25/24	25/24	2/4	1	1	1/48		1/32	2/3		-2	94	Bb6	6	684
32	32	201/2	0.08333333333333333	17/16	17/16	2/4	1	1	1/48		1/32	2/3		3	93	A6	6	685
32	32	1207/12	0.1111111111111111	13/12	13/12	2/4	2	1	1/36		1/16	4/9		2	86	D6	6	715
32	32	1207/12	0.25	13/12	13/12	2/4	1	1	1/16		1/16	1		6	90	F#6	6	686
32	32	3625/36	0.1111111111111111	10/9	10/9	2/4	2	1	1/36		1/16	4/9		6	78	F#5	5	716
32	32	3629/36	0.1111111111111111	41/36	41/36	2/4	2	1	1/36		1/16	4/9		2	74	D5	5	717
32	32	605/6	0.08333333333333333	55/48	55/48	2/4	1	1	1/48		1/32	2/3		-2	82	Bb5	5	687
32	32	1211/12	0.08333333333333333	7/6	7/6	2/4	2	1	1/48		1/32	2/3		-6	66	Gb4	4	718
32	32	1211/12	0.3333333333333333	7/6	7/6	2/4	1	1	1/12		1/8	2/3		-5	85	Db6	6	688
32	32	1211/12	0.3333333333333333	7/6	7/6	2/4	1	1	1/12		1/8	2/3		-1	89	F6	6	688
32	32	101	0.08333333333333333	19/16	19/16	2/4	2	1	1/48		1/32	2/3		-5	73	Db5	5	719
32	32	1213/12	0.08333333333333333	29/24	29/24	2/4	2	1	1/48		1/32	2/3		-6	78	Gb5	5	720
32	32	607/6	0.08333333333333333	59/48	59/48	2/4	2	1	1/48		1/32	2/3		-2	82	Bb5	5	721
33	33	405/4	0.16666666666666666	0	0	2/4	2	1	1/24		1/16	2/3		3	69	A4	4	758
33	33	405/4	0.08333333333333333	0	0	2/4	1	1	1/48		1/32	2/3		1	79	G5	5	722
33	33	304/3	0.08333333333333333	1/48	1/48	2/4	1	1	1/48		1/32	2/3		5	83	B5	5	723
33	33	1217/12	0.16666666666666666	1/24	1/24	2/4	2	1	1/24		1/16	2/3		7	73	C#5	5	759
33	33	1217/12	0.08333333333333333	1/24	1/24	2/4	1	1	1/48		1/32	2/3		6	90	F#6	6	724
33	33	203/2	0.08333333333333333	1/16	1/16	2/4	1	1	1/48		1/32	2/3		4	88	E6	6	725
33	33	1219/12	0.1111111111111111	1/12	1/12	2/4	2	1	1/36		1/16	4/9		3	81	A5	5	760
33	33	1219/12	0.25	1/12	1/12	2/4	1	1	1/16		1/16	1		7	85	C#6	6	726
33	33	3661/36	0.1111111111111111	1/9	1/9	2/4	2	1	1/36		1/16	4/9		7	73	C#5	5	761
33	33	3665/36	0.1111111111111111	5/36	5/36	2/4	2	1	1/36		1/16	4/9		3	69	A4	4	762
33	33	611/6	0.08333333333333333	7/48	7/48	2/4	1	1	1/48		1/32	2/3		1	79	G5	5	727
33	33	1223/12	0.08333333333333333	1/6	1/6	2/4	2	1	1/48		1/32	2/3		-3	63	Eb4	4	763
33	33	1223/12	0.3333333333333333	1/6	1/6	2/4	1	1	1/12		1/8	2/3		-2	82	Bb5	5	728
33	33	1223/12	0.3333333333333333	1/6	1/6	2/4	1	1	1/12		1/8	2/3		-3	87	Eb6	6	728
33	33	102	0.08333333333333333	3/16	3/16	2/4	2	1	1/48		1/32	2/3		-2	70	Bb4	4	764
33	33	1225/12	0.08333333333333333	5/24	5/24	2/4	2	1	1/48		1/32	2/3		-3	75	Eb5	5	765
33	33	613/6	0.08333333333333333	11/48	11/48	2/4	2	1	1/48		1/32	2/3		1	79	G5	5	766
33	33	409/4	0.125	1/4	1/4	2/4	2	1	1/32		1/16	1/2		1	67	G4	4	767
33	33	409/4	0.08333333333333333	1/4	1/4	2/4	1	1	1/48		1/32	2/3		-1	77	F5	5	729
33	33	307/3	0.08333333333333333	13/48	13/48	2/4	1	1	1/48		1/32	2/3		3	81	A5	5	730
33	33	819/8	0.125	9/32	9/32	2/4	2	1	1/32		1/16	1/2		5	71	B4	4	768
33	33	1229/12	0.08333333333333333	7/24	7/24	2/4	1	1	1/48		1/32	2/3		4	88	E6	6	731
33	33	205/2	0.125	5/16	5/16	2/4	2	1	1/32		1/16	1/2		-1	77	F5	5	769
33	33	205/2	0.08333333333333333	5/16	5/16	2/4	1	1	1/48		1/32	2/3		2	86	D6	6	732
33	33	1231/12	0.08333333333333333	1/3	1/3	2/4	1	1	1/48		1/32	2/3		3	81	A5	5	733
33	33	821/8	0.125	11/32	11/32	2/4	2	1	1/32		1/16	1/2		5	71	B4	4	770
33	33	308/3	0.08333333333333333	17/48	17/48	2/4	1	1	1/48		1/32	2/3		-1	77	F5	5	734
33	33	411/4	0.125	3/8	3/8	2/4	2	1	1/32		1/16	1/2		-5	61	Db4	4	771
33	33	411/4	0.08333333333333333	3/8	3/8	2/4	1	1	1/48		1/32	2/3		-5	85	Db6	6	735
33	33	617/6	0.08333333333333333	19/48	19/48	2/4	1	1	1/48		1/32	2/3		-4	80	Ab5	5	736
33	33	823/8	0.125	13/32	13/32	2/4	2	1	1/32		1/16	1/2		-4	68	Ab4	4	772
33	33	1235/12	0.08333333333333333	5/12	5/12	2/4	1	1	1/48		1/32	2/3		-1	77	F5	5	737
33	33	103	0.08333333333333333	7/16	7/16	2/4	1	1	1/48		1/32	2/3		-5	73	Db5	5	738
33	33	1237/12	0.08333333333333333	11/24	11/24	2/4	1	1	1/48		1/32	2/3		-4	68	Ab4	4	739
33	33	619/6	0.08333333333333333	23/48	23/48	2/4	1	1	1/48		1/32	2/3		-1	65	F4	4	740
33	33	413/4	0.125	1/2	1/2	2/4	1	1	1/32		1/32	1		-2	58	Bb3	3	741
33	33	827/8	0.125	17/32	17/32	2/4	1	1	1/32		1/32	1		2	62	D4	4	742
33	33	207/2	0.125	9/16	9/16	2/4	1	1	1/32		1/32	1		-4	68	Ab4	4	743
33	33	829/8	0.125	19/32	19/32	2/4	1	1	1/32		1/32	1		0	72	C5	5	744
33	33	415/4	0.125	5/8	5/8	2/4	1	1	1/32		1/32	1		1	79	G5	5	745
33	33	831/8	0.125	21/32	21/32	2/4	1	1	1/32		1/32	1		0	72	C5	5	746
33	33	104	0.125	11/16	11/16	2/4	1	1	1/32		1/32	1		-4	68	Ab4	4	747
33	33	833/8	0.125	23/32	23/32	2/4	1	1	1/32		1/32	1		0	60	C4	4	748
33	33	417/4	0.1111111111111111	3/4	3/4	2/4	1	1	1/36		1/32	8/9		1	43	G2	2	749
33	33	3757/36	0.1111111111111111	7/9	7/9	2/4	1	1	1/36		1/32	8/9		2	50	D3	3	750
33	33	3761/36	0.1111111111111111	29/36	29/36	2/4	1	1	1/36		1/32	8/9		-4	56	Ab3	3	751
33	33	1255/12	0.1111111111111111	5/6	5/6	2/4	1	1	1/36		1/32	8/9		5	59	B3	3	752
33	33	3769/36	0.1111111111111111	31/36	31/36	2/4	1	1	1/36		1/32	8/9		4	64	E4	4	753
33	33	3773/36	0.1111111111111111	8/9	8/9	2/4	1	1	1/36		1/32	8/9		5	59	B3	3	754
33	33	1259/12	0.1111111111111111	11/12	11/12	2/4	1	1	1/36		1/32	8/9		1	55	G3	3	755
33	33	3781/36	0.1111111111111111	17/18	17/18	2/4	1	1	1/36		1/32	8/9		6	54	F#3	3	756
33	33	3785/36	0.1111111111111111	35/36	35/36	2/4	1	1	1/36		1/32	8/9		-1	53	F3	3	757
34	34	421/4	0.25	0	0	4/4	2	1	1/16		1/16	1	1	4	40	E2	2	778
34	34	211/2	0.25	1/16	1/16	4/4	2	1	1/16		1/16	1	1	5	47	B2	2	779
34	34	423/4	0.25	1/8	1/8	4/4	2	1	1/16		1/16	1	1	4	52	E3	3	780
34	34	106	0.25	3/16	3/16	4/4	2	1	1/16		1/16	1	1	5	59	B3	3	781
34	34	425/4	3.0	1/4	1/4	4/4	2	1	3/4		1/2	3/2	-1	4	40	E2	2	782
34	34	425/4	3.0	1/4	1/4	4/4	2	1	3/4		1/2	3/2	-1	5	47	B2	2	782
34	34	425/4	3.0	1/4	1/4	4/4	2	1	3/4		1/2	3/2	-1	4	52	E3	3	782
34	34	425/4	3.0	1/4	1/4	4/4	2	1	3/4		1/2	3/2	-1	5	59	B3	3	782
34	34	425/4	0.3333333333333333	1/4	1/4	4/4	1	1	1/12		1/8	2/3	1	7	61	C#4	4	773
34	34	425/4	1.0	1/4	1/4	4/4	1	2	1/4		1/4	1		7	61	C#4	4	777
34	34	1279/12	0.3333333333333333	1/3	1/3	4/4	1	1	1/12		1/8	2/3	1	8	68	G#4	4	774
34	34	1283/12	0.3333333333333333	5/12	5/12	4/4	1	1	1/12		1/8	2/3	1	8	56	G#3	3	775
34	34	429/4	2.0	1/2	1/2	4/4	1	1	1/2		1/2	1	-1	8	56	G#3	3	776
34	34	429/4	2.0	1/2	1/2	4/4	1	1	1/2		1/2	1	-1	7	61	C#4	4	776
34	34	429/4	2.0	1/2	1/2	4/4	1	1	1/2		1/2	1	-1	8	68	G#4	4	776
34	34	429/4	0.5	1/2	1/2	4/4	2	2	1/8		1/8	1		9	75	D#5	5	783
34	34	431/4	1.5	5/8	5/8	4/4	2	2	3/8		1/4	3/2		9	75	D#5	5	784
35	35	437/4	0.25	0	0	4/4	2	1	1/16		1/16	1	1	7	37	C#2	2	790
35	35	437/4	0.25	0	0	4/4	2	1	1/16		1/16	1	1	8	44	G#2	2	790
35	35	219/2	0.25	1/16	1/16	4/4	2	1	1/16		1/16	1	1	5	47	B2	2	791
35	35	439/4	0.25	1/8	1/8	4/4	2	1	1/16		1/16	1	1	4	52	E3	3	792
35	35	110	0.25	3/16	3/16	4/4	2	1	1/16		1/16	1	1	5	59	B3	3	793
35	35	441/4	3.0	1/4	1/4	4/4	2	1	3/4		1/2	3/2	-1	7	37	C#2	2	794
35	35	441/4	3.0	1/4	1/4	4/4	2	1	3/4		1/2	3/2	-1	8	44	G#2	2	794
35	35	441/4	3.0	1/4	1/4	4/4	2	1	3/4		1/2	3/2	-1	5	47	B2	2	794
35	35	441/4	3.0	1/4	1/4	4/4	2	1	3/4		1/2	3/2	-1	4	52	E3	3	794
35	35	441/4	3.0	1/4	1/4	4/4	2	1	3/4		1/2	3/2	-1	5	59	B3	3	794
35	35	441/4	0.3333333333333333	1/4	1/4	4/4	1	1	1/12		1/8	2/3	1	7	61	C#4	4	785
35	35	441/4	1.0	1/4	1/4	4/4	1	2	1/4		1/4	1		7	61	C#4	4	789
35	35	1327/12	0.3333333333333333	1/3	1/3	4/4	1	1	1/12		1/8	2/3	1	8	68	G#4	4	786
35	35	1331/12	0.3333333333333333	5/12	5/12	4/4	1	1	1/12		1/8	2/3	1	8	56	G#3	3	787
35	35	445/4	2.0	1/2	1/2	4/4	1	1	1/2		1/2	1	-1	8	56	G#3	3	788
35	35	445/4	2.0	1/2	1/2	4/4	1	1	1/2		1/2	1	-1	7	61	C#4	4	788
35	35	445/4	2.0	1/2	1/2	4/4	1	1	1/2		1/2	1	-1	8	68	G#4	4	788
35	35	445/4	0.5	1/2	1/2	4/4	2	2	1/8		1/8	1		9	75	D#5	5	795
35	35	447/4	1.5	5/8	5/8	4/4	2	2	3/8		1/4	3/2		9	75	D#5	5	796
36	36	453/4	0.3333333333333333	0	0	4/4	2	1	1/12		1/8	2/3	1	3	33	A1	1	802
36	36	453/4	0.3333333333333333	0	0	4/4	2	1	1/12		1/8	2/3	1	4	40	E2	2	802
36	36	1363/12	0.3333333333333333	1/12	1/12	4/4	2	1	1/12		1/8	2/3	1	5	47	B2	2	803
36	36	1367/12	0.3333333333333333	1/6	1/6	4/4	2	1	1/12		1/8	2/3	1	4	52	E3	3	804
36	36	1367/12	0.3333333333333333	1/6	1/6	4/4	2	1	1/12		1/8	2/3	1	5	59	B3	3	804
36	36	457/4	3.0	1/4	1/4	4/4	2	1	3/4		1/2	3/2	-1	3	33	A1	1	805
36	36	457/4	3.0	1/4	1/4	4/4	2	1	3/4		1/2	3/2	-1	4	40	E2	2	805
36	36	457/4	3.0	1/4	1/4	4/4	2	1	3/4		1/2	3/2	-1	5	47	B2	2	805
36	36	457/4	3.0	1/4	1/4	4/4	2	1	3/4		1/2	3/2	-1	4	52	E3	3	805
36	36	457/4	3.0	1/4	1/4	4/4	2	1	3/4		1/2	3/2	-1	5	59	B3	3	805
36	36	457/4	0.5	1/4	1/4	4/4	1	1	1/8		1/8	1	1	7	61	C#4	4	797
36	36	457/4	1.0	1/4	1/4	4/4	1	2	1/4		1/4	1		7	61	C#4	4	801
36	36	459/4	0.0	3/8	3/8	4/4	1	1	0	acciaccatura	1/8	1		8	68	G#4	4	798
36	36	459/4	0.5	3/8	3/8	4/4	1	1	1/8		1/8	1	1	8	56	G#3	3	799
36	36	459/4	0.5	3/8	3/8	4/4	1	1	1/8		1/8	1	1	8	68	G#4	4	799
36	36	461/4	2.0	1/2	1/2	4/4	1	1	1/2		1/2	1	-1	8	56	G#3	3	800
36	36	461/4	2.0	1/2	1/2	4/4	1	1	1/2		1/2	1	-1	7	61	C#4	4	800
36	36	461/4	2.0	1/2	1/2	4/4	1	1	1/2		1/2	1	-1	8	68	G#4	4	800
36	36	461/4	0.5	1/2	1/2	4/4	2	2	1/8		1/8	1		9	75	D#5	5	806
36	36	463/4	1.5	5/8	5/8	4/4	2	2	3/8		1/4	3/2		9	75	D#5	5	807
37	37	469/4	4.0	0	0	4/4	2	2	1		1	1		-3	39	Eb2	2	818
37	37	477/4	1.0	1/2	1/2	4/4	2	1	1/4		1/4	1		-3	39	Eb2	2	816
37	37	477/4	1.0	1/2	1/2	4/4	2	1	1/4		1/4	1		-2	46	Bb2	2	816
37	37	477/4	0.3333333333333333	1/2	1/2	4/4	1	2	1/12		1/8	2/3		-6	54	Gb3	3	812
37	37	477/4	0.6666666666666666	1/2	1/2	4/4	1	1	1/6		1/4	2/3		2	62	D4	4	808
37	37	1435/12	0.6666666666666666	7/12	7/12	4/4	1	2	1/6		1/4	2/3		-4	56	Ab3	3	813
37	37	1439/12	0.3333333333333333	2/3	2/3	4/4	1	1	1/12		1/8	2/3		-2	58	Bb3	3	809
37	37	481/4	1.0	3/4	3/4	4/4	2	1	1/4		1/4	1	1	-5	37	Db2	2	817
37	37	481/4	1.0	3/4	3/4	4/4	2	1	1/4		1/4	1	1	-4	44	Ab2	2	817
37	37	481/4	0.3333333333333333	3/4	3/4	4/4	1	2	1/12		1/8	2/3		-8	52	Fb3	3	814
37	37	481/4	0.6666666666666666	3/4	3/4	4/4	1	1	1/6		1/4	2/3		0	60	C4	4	810
37	37	1447/12	0.6666666666666666	5/6	5/6	4/4	1	2	1/6		1/4	2/3	1	-6	54	Gb3	3	815
37	37	1451/12	0.3333333333333333	11/12	11/12	4/4	1	1	1/12		1/8	2/3	1	-4	56	Ab3	3	811
38	38	485/4	1.0	0	0	4/4	2	3	1/4		1/4	1	-1	-5	37	Db2	2	833
38	38	485/4	1.0	0	0	4/4	2	3	1/4		1/4	1	-1	-4	44	Ab2	2	833
38	38	485/4	1.0	0	0	4/4	1	2	1/4		1/4	1	-1	-6	54	Gb3	3	823
38	38	485/4	1.0	0	0	4/4	1	3	1/4		1/4	1	-1	-4	56	Ab3	3	828
38	38	485/4	0.5	0	0	4/4	2	1	1/8		1/8	1		-3	75	Eb5	5	829
38	38	487/4	1.5	1/8	1/8	4/4	2	1	3/8		1/4	3/2		-3	75	Eb5	5	830
38	38	487/4	2.0	1/8	1/8	4/4	2	4	1/2		1/2	1		-3	75	Eb5	5	834
38	38	493/4	1.0	1/2	1/2	4/4	2	2	1/4		1/4	1		-3	39	Eb2	2	831
38	38	493/4	1.0	1/2	1/2	4/4	2	2	1/4		1/4	1		-2	46	Bb2	2	831
38	38	493/4	0.3333333333333333	1/2	1/2	4/4	1	2	1/12		1/8	2/3		-6	54	Gb3	3	824
38	38	493/4	0.6666666666666666	1/2	1/2	4/4	1	1	1/6		1/4	2/3		2	62	D4	4	819
38	38	1483/12	0.6666666666666666	7/12	7/12	4/4	1	2	1/6		1/4	2/3		-4	56	Ab3	3	825
38	38	1487/12	0.3333333333333333	2/3	2/3	4/4	1	1	1/12		1/8	2/3		-2	58	Bb3	3	820
38	38	497/4	1.0	3/4	3/4	4/4	2	2	1/4		1/4	1	1	-5	37	Db2	2	832
38	38	497/4	1.0	3/4	3/4	4/4	2	2	1/4		1/4	1	1	-4	44	Ab2	2	832
38	38	497/4	0.3333333333333333	3/4	3/4	4/4	1	2	1/12		1/8	2/3		-8	52	Fb3	3	826
38	38	497/4	0.6666666666666666	3/4	3/4	4/4	1	1	1/6		1/4	2/3		0	60	C4	4	821
38	38	1495/12	0.6666666666666666	5/6	5/6	4/4	1	2	1/6		1/4	2/3	1	-6	54	Gb3	3	827
38	38	1499/12	0.3333333333333333	11/12	11/12	4/4	1	1	1/12		1/8	2/3	1	-4	56	Ab3	3	822
39	39	501/4	1.0	0	0	4/4	2	3	1/4		1/4	1	-1	-5	37	Db2	2	849
39	39	501/4	1.0	0	0	4/4	2	3	1/4		1/4	1	-1	-4	44	Ab2	2	849
39	39	501/4	1.0	0	0	4/4	1	2	1/4		1/4	1	-1	-6	54	Gb3	3	838
39	39	501/4	1.0	0	0	4/4	1	3	1/4		1/4	1	-1	-4	56	Ab3	3	842
39	39	501/4	0.5	0	0	4/4	2	1	1/8		1/8	1		-3	75	Eb5	5	843
39	39	503/4	1.5	1/8	1/8	4/4	2	1	3/8		1/4	3/2		-3	75	Eb5	5	844
39	39	503/4	2.0	1/8	1/8	4/4	2	4	1/2		1/2	1		-3	75	Eb5	5	851
39	39	509/4	1.0	1/2	1/2	4/4	2	2	1/4		1/4	1	1	-3	39	Eb2	2	847
39	39	509/4	1.0	1/2	1/2	4/4	2	2	1/4		1/4	1	1	-2	46	Bb2	2	847
39	39	509/4	0.3333333333333333	1/2	1/2	4/4	1	2	1/12		1/8	2/3		-6	54	Gb3	3	839
39	39	509/4	0.6666666666666666	1/2	1/2	4/4	1	1	1/6		1/4	2/3		2	62	D4	4	835
39	39	1531/12	0.6666666666666666	7/12	7/12	4/4	1	2	1/6		1/4	2/3	1	-4	56	Ab3	3	840
39	39	1535/12	0.3333333333333333	2/3	2/3	4/4	1	1	1/12		1/8	2/3	1	-2	58	Bb3	3	836
39	39	513/4	1.0	3/4	3/4	4/4	2	2	1/4		1/4	1	-1	-3	39	Eb2	2	848
39	39	513/4	1.0	3/4	3/4	4/4	2	2	1/4		1/4	1	-1	-2	46	Bb2	2	848
39	39	513/4	1.0	3/4	3/4	4/4	1	2	1/4		1/4	1	-1	-4	56	Ab3	3	841
39	39	513/4	1.0	3/4	3/4	4/4	1	1	1/4		1/4	1	-1	-2	58	Bb3	3	837
39	39	513/4	0.5	3/4	3/4	4/4	2	1	1/8		1/8	1		-3	75	Eb5	5	845
39	39	515/4	0.5	7/8	7/8	4/4	2	1	1/8		1/8	1	1	-3	75	Eb5	5	846
39	39	515/4	0.5	7/8	7/8	4/4	2	3	1/8		1/8	1	1	-3	75	Eb5	5	850
40	40	517/4	2.0	0	0	4/4	2	1	1/2		1/2	1	-1	-3	75	Eb5	5	852
40	40	517/4	2.0	0	0	4/4	2	3	1/2		1/2	1	-1	-3	75	Eb5	5	853
